Position,Company Name,Location,website
Business Analyst - Software Development,Abbott Laboratories,"Charlottesville, VA",http://www.abbott.com
Federal Sales Representative,"Abbtech Professional Resources, Inc","Sterling, VA, USA",http://www.abbtech.com
Jr. Business Analyst,AcisTek Corporation,"Arlington, VA",http://www.acistek.com
Salesforce Administrator/Business Analyst,"ADS, Inc.","Virginia Beach, VA 23452",http://www.adsinc.com
"Business Analyst, Junior",Adtech,"Ashburn, VA, USA",http://www.adtechsystems.com
Business and Market Analyst of the Economic and Market Analysis Center,Aerospace Corporation,"Chantilly, VA, USA",http://www.aerospace.org
Business System Analyst,AhaApps,"Richmond, VA, USA",http://www.ahaapps.com
Business Analyst,Applied Information Sciences,"Remote in Reston, VA 20191",http://www.ais.com
Java Developer,"Alltech Consulting Services, Inc.","Arlington, VA, USA",http://www.alltechconsultinginc.com
Business Operations Analyst II,"Amazon Web Services, Inc.","Arlington, VA",http://www.amazon.com
"Energy Business Analyst (EAST), AWS Energy Team","Amazon Data Services, Inc.","Arlington, VA",http://www.amazon.com
Business Analyst,Amivero,"Arlington, VA",http://www.amivero.com
Senior Business Systems Analyst,Ampcus Inc,"Richmond, VA, USA",http://www.ampcus.com
"PEGA Systems Analyst I, II, Sr., Advisor (Job Family)","Anthem, Inc","Norfolk, VA, USA",http://www.antheminc.com
Actuarial Business Analyst III,Anthem,"Richmond, VA 23218",http://www.antheminc.com
Business Analyst,Apex Systems,"Arlington, VA, USA",http://www.apexsystems.com
Journeyman Business Analyst,"Applied Research Associates, Inc","Herndon, VA 20170",http://www.ara.com
IT analyst,ARMO Consultants,"Remote or Reston, VA, USA",http://www.armo-consultants.com
Java Technical Project Manager,Arthur Lawrence,"Richmond, VA, USA",http://www.arthurlawrence.net
IT Business Analyst,Assa Abloy,"Salem, VA",http://www.assaabloydss.com
Business Analyst,The Atlantic Group,"Arlington, VA, USA",http://www.atlanticrecruiters.com
Sr Business Systems Analyst - Technical,Atlantic Resource Group,"Richmond, VA, USA",http://www.atlanticresource.com
Audi Connected Services Business Analyst,Audi of America,"Herndon, VA",http://www.audiusa.com
Business System Analyst,Avantus Federal,"McLean, VA",http://www.avantus.com
Oracle Cloud Core HR Business Analyst,"Baker Tilly US, LLP","Remote in Tysons, VA 22182",http://www.bakertilly.com
Business Analyst,Bankers Healthcare Group,"Remote in Richmond, VA",http://www.bankershealthcaregroup.com
Business Analyst,Bankers Healthcare Group,"Remote in Richmond, VA",http://www.bankershealthcaregroup.com
Business Analyst,BDR Solutions,"Falls Church, VA 22043",http://www.bdrsolutionsllc.com
Agile Business Analyst,B E A T LLC,"Stafford, VA 22556",http://www.beatllc.com
Management Analyst II (Executive Assistant),"Bennett Aerospace, Inc.","Arlington, VA 22202",http://www.bennettaerospace.com
Management Analyst II/Executive Assistant,Bennett Aerospace,"Arlington, VA 22202",http://www.bennettaerospace.com
Business Analyst,Beyond,"Falls Church, VA 22042",http://www.beyondmeat.com
Business Analyst,Bonaventure Realty Group,"Alexandria, VA",http://www.bonaventure.com
"Agile Business Analyst, Senior",Booz Allen Hamilton,"Arlington, VA, USA",http://www.boozallen.com
Technical Writer,Bowhead Holding Company,"Stafford, VA, USA",http://www.bowheadsupport.com
Cybersecurity Business Analyst – Risk Management – Contract...,BranCore Technologies,"Richmond, VA 23219",http://www.brancore.com
Business Analyst,Buchanan & Edwards,"Remote in McLean, VA 22102",http://www.buchanan-edwards.com
Business Systems Analyst,CACI,"Stafford, VA 22554",http://www.caci.com
Lead Product Owner,CareFirst,"Reston, VA, USA",http://www.carefirst.com
Business Analyst,Caresoft,"Richmond, VA, USA",http://www.caresoftglobal.com
Marketing Business Analyst,CarLotz,"Richmond, VA",http://www.carlotz.com
Business Analyst,Cambridge International Systems Inc,"McLean, VA",http://www.cbridgeinc.com
Business Analyst- TS/SCI with Full Scope Polygraph Required,"CGI Group, Inc.","Chantilly, VA",http://www.cgi.com
"Manager, Pharmacy Data Analytics",Change Healthcare,Remote in Virginia,http://www.changehealthcare.com
Business Analyst 3,Cyber Resource,"Norfolk, VA",http://www.cisa.gov
"IT Manager, Products & Services",Clark Construction Group,"McLean, VA",http://www.clarkconstruction.com
Cleared Systems Engineer (TS required),"Clientmind, Inc.","Chantilly, VA",http://www.clientmindrecruiting.com
Salesforce Business Analyst,Cloudsquare,"Fairfax, VA",http://www.cloudsquare.io
Business Analyst Remote,ICF,"Remote in Richmond, VA 23219",http://www.coachingfederation.org
Salesforce Architect,CMCI,"Sterling, VA, USA",http://www.commonwealthmediation.com
Pricing Analyst,Cooley LLP,"Reston, VA 20190",http://www.cooley.com
Business Intelligence / Data Reporting Analyst,Cornerstone Defense,"Reston, VA",http://www.cornerstonedefense.com
Business Analyst,CoStar Group,"Richmond, VA 23219",http://www.costargroup.com
Business Analyst - Billing Systems,"CoStar Realty Information, Inc","Richmond, VA, USA",http://www.costargroup.com
Scrum Master,Credence Management Solutions,"Tysons, VA, USA",http://www.credence-llc.com
Business Analyst,Cybermedia Technologies (CTEC),"Ashburn, VA",http://www.ctec-corp.com
Business Analyst,CTSI,"Chantilly, VA 20151",http://www.ctsi-global.com
Business Analysis Manager,CVS Health,Remote in Virginia,http://www.cvshealth.com
Senior Agile Business Analyst with Secret Clearance,Deloitte,"Arlington, VA, USA",http://www.deloitte.com
Senior Agile Business Analyst with Secret Clearance,Deloitte,"Arlington, VA, USA",http://www.deloitte.com
Business Intelligance Analyst,"Distributed Solutions, Inc","Reston, VA, USA",http://www.distributedinc.com
Business Intelligence Analyst with TS/SCI with Polygraph,Distributed Solutions Inc.,"Reston, VA 20191",http://www.distributedinc.com
"Business Analyst, Cloud FinOps",DLT Solutions,"Herndon, VA",http://www.dlt.com
IT BUSINESS ANALYST - BACK OFFICE,Dollar Tree,"Chesapeake, VA 23320",http://www.dollartree.com
Business Systems Analyst,Dynamo Technologies LLC,"Alexandria, VA, USA",http://www.dynamotechnologies.com
"Implementation Business Analyst, Marketing and Enrollment So...",EAB,"Remote in Richmond, VA 23219",http://www.eab.com
Salesforce Sr. Business Analyst - Remote,Eagle Creek Software Services,"Remote in Virginia Beach, VA",http://www.eaglecrk.com
Java Developer - Financial Services,East End Resources,"Arlington, VA, USA",http://www.eastendresources.com
Sr. Business Analyst,Endurance IT,"Virginia Beach, VA 23452",http://www.endurance-it.com
Business System Analyst,ERPMark Inc,"Richmond, VA, USA",http://www.erpmark.com
Junior Business Analyst,eTelligent Group LLC,"Leesburg, VA",http://www.etelligent-group.com
Business Planning Analyst- BPAA22-001068,"Evergreen Technologies, LLC.","Vienna, VA",http://www.evergreentechnologies.com
Business Analyst III - Health Systems Project Manager,Fairfax County Government,"Fairfax, VA",http://www.fairfaxcounty.gov
Business Analyst III - Health Systems Project Manager,Fairfax County,"Fairfax, VA 22035",http://www.fairfaxcounty.gov
IS Business Analyst,Food City | K-VA-T Food Stores Inc,"Abingdon, VA 24210",http://www.foodcity.com
Marketing and Sales Business Analyst,Frontpoint Security Solutions LLC,"Remote in Vienna, VA 22182",http://www.frontpointsecurity.com
Associate Professional Business Analyst,Gainwell Technologies,Virginia,http://www.gainwelltechnologies.com
Sr Business Analyst,General Dynamics Information Technology,"Falls Church, VA 22042",http://www.gdit.com
Quality Assurance Analyst,"General Dynamics Mission Systems, Inc","Fairfax, VA 22031",http://www.gdmissionsystems.com
Business Analyst,GenTech Associates,"Richmond, VA, USA",http://www.gentechassociates.com
Business Analyst,GenTech Associates,"Richmond, VA, USA",http://www.gentechassociates.com
CRM Business Analyst,George Mason University,"Fairfax, VA 22030",http://www.gmu.edu
Business Analyst,GovCIO,"Chantilly, VA, USA",http://www.govcio.com
Operational Excellence Business Intelligence Analyst,GridPoint,"Roanoke, VA 24019",http://www.gridpoint.com
Business Analyst - BPA,Tuknik Government Services,"Falls Church, VA 22040",http://www.gsa.gov
Slate Project Team Captain,Hampton University,"Hampton, VA",http://www.hamptonu.edu
BUSINESS ANALYST I,"Hard Rock International (USA), Inc.","Bristol, VA 24201",http://www.hardrock.com
Business Analyst,Haynes Furniture Company,"Virginia Beach, VA 23462",http://www.haynesfurniture.com
"Specialist, Federal ServiceNow Business Analyst",KPMG,"McLean, VA 22102",http://www.home.kpmg
Proposal Writer,Information Management Group,"Fairfax, VA, USA",http://www.imgva.com
Business Systems Analyst - Navy Readiness Data,"InnovaSystems International, LLC","Hybrid remote in Norfolk, VA 23502",http://www.innovasi.com
Business Analyst,Inova Health System,"Falls Church, VA 22042",http://www.inova.org
Business Analyst (DHS),IOMAXIS,"Alexandria, VA",http://www.iomaxis.com
Business Analyst,iQuasar LLC,"Quantico, VA, USA",http://www.iquasar.com
Business Analyst,IQuasar,"Quantico, VA",http://www.iquasar.com
Business Analyst,iTrending Solutions,"Springfield, VA 22150",http://www.itrendingsolutions.com
Cyber Project Business Analyst III,"IVA'AL Solutions, LLC","Reston, VA",http://www.ivaalsolutions.com
Travel & Event Business Management Analyst,JLL,"Arlington, VA",http://www.jll.com
Salesforce Business Analyst,Jobot,"Roanoke, VA, USA",http://www.jobot.com
Business Analyst,Enterprise Engineering,"Arlington, VA, USA",http://www.joineei.com
Data Quality/Data Compliance IDMP Business Analyst,"Judge Group, Inc.","Innsbrook, VA, USA",http://www.judge.com
Business Analyst,KAPS Solutions,"Springfield, VA",http://www.kapssolutions.com
Business Analyst - Product Development,Kastle Systems,"Falls Church, VA 22042",http://www.kastle.com
Senior CMS BA,Kforce Technology Staffing,"Remote or Fairfax, VA, USA",http://www.kforce.com
Business Analyst with Scrum Master Exp,"KMM Technologies, Inc","Reston, VA, USA",http://www.kmmtechnologies.com
Business Analyst with Scrum Master Exp,KMM Technologies,"Reston, VA",http://www.kmmtechnologies.com
Business Analyst,Arlluk Technology Solutions,"Chantilly, VA 20151",http://www.koniag-gs.com
Business Analyst III (Functional Test),Koniag Information Security Services,"Alexandria, VA",http://www.koniag-gs.com
Senior Business Systems Analyst BSA,Leading Edge Systems Richmond,"Richmond, VA, USA",http://www.leadingedgesys.com
Business Analyst,Leidos,"Reston, VA 20170",http://www.leidos.com
Business Intelligence Analyst - TS/SCI with Polygraph Requir...,Logistics Management Institute,"Herndon, VA",http://www.lmi.org
Financial Management Business Process Analyst,"Lynch Consultants, LLC","Arlington, VA 22204",http://www.lynchconsultants.com
Business Analyst - Merchandising and Supply Chain NF4,U.S. Marine Corps,"Remote in Quantico, VA 22134",http://www.marines.mil
Full Stack Software Engineer,Matlen Silver,"Reston, VA, USA",http://www.matlensilver.com
Operations Change Management Senior,Maxus Technology USA LLC,"McLean, VA, USA",http://www.maxus.co.in
"Operations Program Manager, ERAD",Meta,"Reston, VA 20190",http://www.meta.org
Data Warehouse Data/Business Analyst,Metric5,"Reston, VA",http://www.metric5.com
Software Business Analyst,MoneyGuide,"Powhatan, VA 23139",http://www.moneyguidepro.com
Business Analyst,Motion Recruitment,"Arlington, VA, USA",http://www.motionrecruitment.com
IT Business Analyst,MVB Financial Corp,"Remote in Reston, VA",http://www.mvbbanking.com
EIS Business Analyst,Acuity INC,Remote in Virginia,http://www.myacuity.com
Business Analyst,Blue Ridge Bank NA,"Richmond, VA 23226",http://www.mybrb.com
Finance Oracle Business Analyst,MyEyeDr.,"Vienna, VA 22180",http://www.myeyedr.com
SR BUSINESS SYSTEMS ANALYST,Navy Exchange Service Command,"Virginia Beach, VA, USA",http://www.mynavyexchange.com
ISD Engineer IV - Integration Engineer,Navy Federal Credit Union,"Vienna, VA, USA",http://www.navyfederal.org
SalesforceDeveloper,National Computer Systems,"Reston, VA, USA",http://www.ncsus.net
Rhapsody Development Engineer,NetVision Resources Inc.,"Vienna, VA, USA",http://www.netvisionresources.com
IT Manager,Nexus Direct,"Norfolk, VA, USA",http://www.nexusdirect.com
Business Analyst III,Northern Neck Insurance Company,"Irvington, VA 22480",http://www.nnins.com
BUSINESS ANALYST B,City of Newport News,"Newport News, VA 23606",http://www.nnva.gov
Business System Analysts,Noralogic Inc,"Richmond, VA, USA",http://www.noralogic.com
Business Systems Analyst 3/4,Northrop Grumman,"Dulles, VA, USA",http://www.northropgrumman.com
Business Analyst,NR Consulting LLC,"Temporarily Remote in Reston, VA",http://www.nrconsultingservice.com
Business Analyst - Functional,NTT DATA,"Langley, VA",http://www.nttdata.com
Business Analyst,Bigbear.ai,"Reston, VA 20191",http://www.nuwavesolutions.com
Business Analyst,Bigbear.ai,"Reston, VA 20191",http://www.nuwavesolutions.com
Technical Writer,Octo,"McLean, VA 22102",http://www.octoconsulting.com
Business Analyst,The Old Dominion Group,"Midlothian, VA 23112",http://www.odins.com
Project Manager/Business Analyst - RPA,OM Group Inc.,"Remote in Reston, VA 20190",http://www.omgroupinc.us
Claims/Encounter/EDI Analyst - Telecommute,Optum,"Remote in Virginia Beach, VA 23453",http://www.optum.com
"Business Analyst, Decision Management - Alexandria Virginia",PenFed Credit Union,"Alexandria, VA 22314",http://www.penfed.org
Program Business Analyst,Peraton,"Remote in Chantilly, VA",http://www.peraton.com
"Business Analyst III, Amazon Pharmacy Third Party Network an...","PillPack, LLC",Virginia,http://www.pillpack.com
Business Analyst,National Computing Group,"Richmond, VA, USA",http://www.pittsburghrecruiters.com
Business Analyst,Prescient Edge Federal,"McLean, VA 22102",http://www.prescientedge.com
Business Analyst _DoD Secret Clearance Required,"Prism, Inc.","Quantico, VA, USA",http://www.prisminc.com
Business Analyst,Public Consulting Group,"Remote in Richmond, VA 23219",http://www.publicconsultinggroup.com
Business Analyst III,Stefanini,"Richmond, VA, USA",http://www.puresoftinc.com
Digital Products- Content Management /AEM Business Analyst-M...,PRICE WATERHOUSE COOPERS,"Remote in Richmond, VA 23219",http://www.pwc.com
Project Manager/Business Analyst,"Quality Transportation Services, Inc.","Mechanicsville, VA 23111",http://www.qts.com
Business Analyst,Redhorse Corporation,"Remote in Arlington, VA",http://www.redhorsecorp.com
Senior Business Analyst,REI Systems,"Sterling, VA, USA",http://www.reisystems.com
Business Analyst,"RELI Group, Inc.","Springfield, VA 22150",http://www.religroupinc.com
NSU - HW IT Asset Manager-Need Local(Day 1 on-site),RICEFW Technologies Inc,"Norfolk, VA, USA",http://www.ricefwtech.com
Business Analyst,DLH Corp,"Falls Church, VA, USA",http://www.s-3.com
Business Analyst,DLH Corp,"Falls Church, VA, USA",http://www.s-3.com
Acquisition Contracts Principal,SAIC,"Chantilly, VA, USA",http://www.saic.com
Financial/Business Analyst,Sands Anderson,"Richmond, VA 23219",http://www.sandsanderson.com
Financial/Business Analyst,Sands Anderson PC,"Richmond, VA 23218",http://www.sandsanderson.com
Business Analyst,Bonaventure,"Alexandria, VA 22314",http://www.sbu.edu
Business Analyst,Seer Solutions Inc.,"Richmond, VA 23219",http://www.seer-solutions.com
Business Analyst - Encounters,Sentara Healthcare,"Glen Allen, VA 23060",http://www.sentara.com
Business Analyst,Software Guidance & Assistance,"Arlington, VA, USA",http://www.sgainc.com
Business Analyst,Silverchair Science and Communications,"Charlottesville, VA 22902",http://www.silverchair.com
Business Analyst **,"SimVentions, Inc","King George, VA 22485",http://www.simventions.com
Business Analyst,Synectics for Management Decisions Inc,"Temporarily Remote in Arlington, VA 22209",http://www.smdi.com
Business Analyst - SEO,Snagajob,"Remote in Arlington County, VA",http://www.snagajob.com
Business Analyst,Soliel LLC,"Vienna, VA 22182",http://www.solielcom.com
Requirements Analyst,"Soliel,LLC","Vienna, VA",http://www.solielcom.com
Business Analyst,SOSi,"Reston, VA 20191",http://www.sosi.com
Business Systems Analyst (W2),SPECTRAFORCE TECHNOLOGIES Inc.,"Richmond, VA, USA",http://www.spectraforce.com
Sr. Technical Analyst - Adobe Experience Manager (REMOTE),Splunk,"Remote in McLean, VA 22102",http://www.splunk.com
Audit and Compliance Business Analyst,Spring Oaks Capital,"Chesapeake, VA 23320",http://www.springoakscapital.com
Business Analyst With Python (100% Remote),Swift Pace Solutions,"McLean, VA, USA",http://www.spsolinc.com
Business Analyst,"Spy Pond Partners, LLC","Remote in Richmond, VA 23219",http://www.spypondpartners.com
Business Analyst III,Stefanini,"Richmond, VA, USA",http://www.stefanini.com
Business Analyst – III,"Stefanini, Inc","Richmond, VA",http://www.stefanini.com
"Business Analyst in Richmond, VA","Super Technology Solutions, Inc.","Richmond, VA, USA",http://www.supertsi.com
Business System Analyst,SWIFT,"Tysons, VA, USA",http://www.swift.com
Business Analyst III-31848,Syneren Technologies Corporation,"Remote in Fairfax, VA",http://www.syneren.com
"Junior Business and Requirements Analyst, DCSA, REMOTE - Mus...",Synertex LLC,"Remote in Quantico, VA",http://www.synertex.com
Business Systems Analyst / JDE Developer,Synigent Technologies,"Virginia Beach, VA, USA",http://www.synigent.com
Business Analyst - Momentum Financial,Take2 Consulting,"Arlington, VA, USA",http://www.take2it.com
Regulatory Axiom BA,Talent Group,"Richmond, VA, USA",http://www.talentgroup.com
Regulatory Axiom BA,Talent Group,"Richmond, VA, USA",http://www.talentgroups.com
Junior Business Analyst (NO C2C),Techpoint LLC,"Falls Church, VA",http://www.techpoint.net
Business Analyst,TechSur Solutions,"Remote in Sterling, VA 20166",http://www.techsur.solutions
Sr Data Analyst - current / active TS SCI w/POLY required,"TekStream Solutions, LLC","McLean, VA, USA",http://www.tekstream.com
Software Product Analyst (100% Remote),The Denzel Group,"Richmond, VA, USA",http://www.thedenzelgroup.com
Business Analyst - Mid Level,The Prospective Group,"Springfield, VA",http://www.theprospectivegroup.com
IT Business Analyst,Thermo Fisher Scientific,"Middletown, VA",http://www.thermofisher.com
Business Analyst,ThinkTek,"Remote in Fairfax, VA 22030",http://www.thinktek.com
Data Analyst/Business Analyst,ThinkTek LLC,"Remote in Fairfax, VA 22030",http://www.thinktekllc.com
Robotic Process Automation (RPA) Business Analyst,Thompson Gray Inc.,"Temporarily Remote in Arlington, VA 22202",http://www.thompsongrayinc.net
Business Analyst I,TowneBank,"Suffolk, VA 23435",http://www.townebank.com
Junior level Business Analyst,TRESUME,"Ashburn, VA",http://www.tresemme.com
Business Development Consultant - Remote,Visionary Integration Professionals,"Reston, VA, USA",http://www.trustvip.com
Mid-level Business Analyst (Remote),IntelliBridge LLC,Remote in Virginia,http://www.tt-llc.com
Business Analyst,Two Six Technologies,"Arlington, VA",http://www.twosixtech.com
Project Manager,TYLER TECHNOLOGIES INC,"Arlington, VA, USA",http://www.tylertech.com
Intelligent Automation Process Analyst,UDig,"Remote in Richmond, VA",http://www.udig.com
BUSINESS ANALYST - MERCHANDISING AND SUPPLY CHAIN NF4,Marine Corps Community Services,"Quantico, VA",http://www.usmc-mccs.org
Lead Configuration Business System Analyst (Remote),UST Global,"Remote in Lynchburg, VA",http://www.ust.com
Business Analyst,Virginia Farm Bureau,"Richmond, VA 23238",http://www.vafb.com
Technical Engineering Scrum Master SATCOM or Telecommunications,Vector Talent Resources,"Herndon, VA, USA",http://www.vectortalent.com
Healthcare Business Process Analyst,Vega Consulting Solutions,"Reston, VA, USA",http://www.vegaconsulting.com
Business Analyst,Ventera,"Reston, VA 20191",http://www.ventera.com
Principal Data Scientist,Verizon,"Ashburn, VA 20147",http://www.verizonwireless.com
Asset Manager,V Group Inc,"Norfolk, VA, USA",http://www.vgroupinc.com
Business Analyst,University of Virginia,"Charlottesville, VA, USA",http://www.virginia.edu
Clinical Operations Business Analyst,University of Virginia Physicians Group,"Charlottesville, VA",http://www.virginia.edu
"Product Operations Manager, Real Time Payments Risk Analytic...",Visa,"Arlington, VA",http://www.visa.com
Operations Graduate Development Program - Business Analyst,Volvo Group,"Dublin, VA",http://www.volvogroup.com
Business Analyst (Service),Dominion VUE / DMS,"Norfolk, VA",http://www.vuedms.com
Business Analyst & Project Coordinator,VW Credit,"Herndon, VA",http://www.vw.com
Business Analyst,WireWheel,"Remote in Arlington County, VA",http://www.wirewheel.io
Business Analyst Recent Capital Market,xiartech,"McLean, VA",http://www.xiartech.com
Business Analyst 2,Yakshna Solutions,"Herndon, VA 20170",http://www.yakshna.com
Business Analyst 4,YSI,"Richmond, VA 23225",http://www.ysi.com
Sr. Business Analyst,"Zachary Piper Solutions, LLC","Arlington, VA, USA",http://www.zacharypiper.com
Technical Analyst / Systems Analyst / Business Analyst ( REMOTE until COVID ),Zillion Technologies,"Vienna, VA, USA",http://www.zillion.com
