Position,Company Name,Location,Remote,timestamp
Full-time,*Acts as the liaison with business analysts to develop BI solutions.,Creates and interprets results of analyses from a business perspective.*.,Posted2 days ago·More...,1651164443.386981
Full-time,+1,8 hour shift,Responsive employer,1651164443.386981
Full-time,+1,Analyze business process and design scalable solutions to increase operational maturity/efficiency.,"Communication skills are essential, with an ability to…",1651164443.386981
Full-time,+1,8 hour shift,Responsive employer,1651164443.386981
Full-time,+2,"Experience with business intelligence tools (Tableau, Qlik, PowerBI) preferred.","Support improvement of tools and processes for financial planning, business…",1651164443.386981
Full-time,+2,"Experience with business intelligence tools (Tableau, Qlik, PowerBI) preferred.","Support improvement of tools and processes for financial planning, business…",1651164443.386981
Sr. Business Systems Analyst/Scrum Master,1 Point System,"Dallas, TX",$55 - $60 an hour,1651164443.386981
Technical Business System Analyst,1 Point System,"Dallas, TX",$50 - $60 an hour,1651164443.386981
Full-time,3-5 years of experience in an analytical role in business or marketing.,"To understand key business drivers, then translate the findings into insights and…",Posted27 days ago·More...,1651164443.386981
Full-time,4+ years experience leading project teams or managing business analysts.,Define and maintain business systems roadmap to ensure long-term alignment with…,Posted1 day ago·More...,1651164443.386981
Full-time,4+ years in full-time business analyst capacity.,Assist business users with user acceptance testing.,Create business-related analysis and design deliverables…,1651164443.386981
Full-time,4+ years in full-time business analyst capacity.,"Proficient use of QA testing, business analyst methodologies, system design & analysis.",Posted8 days ago·More...,1651164443.386981
Full-time,5+ years Business Analysis experience on business applications.,Position includes acting as administrator for core business systems.,Posted7 days ago·More...,1651164443.386981
Full-time,8 hour shift,Responsive employer,Urgently hiring,1651164443.386981
Full-time,8 hour shift,Responsive employer,Business analysis: 1 year (Preferred).,1651164443.386981
Full-time,8 hour shift,Urgently hiring,Define configuration specifications and business analysis requirements.,1651164443.386981
Full-time,8 hour shift,The Software Business Analyst will support our SaaS offering by defining business requirements while providing solutions and tools that strengthen business…,EmployerActive 6 days ago·More...,1651164443.386981
Full-time,8 hour shift,Responsive employer,Urgently hiring,1651164443.386981
Full-time,8 hour shift,Urgently hiring,"Works in an Agile environment and continuously reviews the business needs, refines priorities, outlines milestones and deliverables, and identifies…",1651164443.386981
Full-time,8 hour shift,Supervision of profitability of the business.,Work closely with Planning and Strategic Manager to prioritize business and information needs.,1651164443.386981
Business / Pricing Analyst,84 Lumber Company,"Dallas, TX 75212",(Eagle Ford area),1651164443.386981
Project Manager/Business Analyst,A2R Networks,"Houston, TX",$50 - $60 an hour,1651164443.386981
IT Business Analyst (Oil and Gas Industry),A2R Networks,"Houston, TX",$65 - $70 an hour,1651164443.386981
IT Project Business Analyst,A2R Networks,"Dallas, TX",$40 - $60 an hour,1651164443.386981
"Analyst I, Business",ABS,"Houston, TX",Estimated $49.2K - $62.4K a year,1651164443.386981
Business Analyst - Account Reconciliation,AIG,"Houston, TX",+1 location,1651164443.386981
Business Analyst,AMR,"Arlington, TX 76018",(Southeast area),1651164443.386981
Business Analyst - Banking Deposit Software (On-site),ARGO,"Richardson, TX",Estimated $82.1K - $104K a year,1651164443.386981
Business Analyst - Banking Teller Solutions (On-site),ARGO,"Richardson, TX",Estimated $61.6K - $78K a year,1651164443.386981
Business Analyst - Healthcare Software (Onsite),ARGO,"Richardson, TX",Estimated $67.7K - $85.7K a year,1651164443.386981
Supply Chain Business Analyst,ATI (atiserve.com),"Richardson, TX 75080",Estimated $52.8K - $66.8K a year,1651164443.386981
IT Business Analyst - Salesforce Marketing Cloud,Abbott Laboratories,"Austin, TX",Full-time,1651164443.386981
Sr Analyst Business System,Abbvie,"Waco, TX",Full-time,1651164443.386981
Associate Business System Analyst,Abbvie,"Waco, TX",Full-time,1651164443.386981
Full-time,Able to bridge communication between technical areas and business areas for a full and complete understanding of expectations.,Use of standard office equipment.,Posted1 day ago·More...,1651164443.386981
Business Analyst Digital,Academy Sports + Outdoors,"Katy, TX",Full-time,1651164443.386981
Oracle Business System Analyst,Accenture,Remote in Texas,Must be capable of designing solutions to support business requirements.,1651164443.386981
Accenture - REPL WFM Implementation Business Analyst (Consul...,Accenture,"Austin, TX",+10 locations,1651164443.386981
Accenture - REPL WFM Implementation Business Analyst (Consul...,Accenture,"Irving, TX 75039",(Las Colinas Urban Center area),1651164443.386981
Computing & Graphics ISV Business Analyst 1 -149081,"Advanced Micro Devices, Inc.","Austin, TX",+1 location,1651164443.386981
Salesforce Business Analyst,AdvantaClean Corporate,"Hybrid remote in Coppell, TX 75019",Estimated $85.2K - $108K a year,1651164443.386981
Business Analyst,"Agora Data, Inc.","Remote in Arlington, TX 76015","$65,000 - $80,000 a year",1651164443.386981
Business Analyst,Airbus Defense and Space,"Frisco, TX 75034",Estimated $78.1K - $98.9K a year,1651164443.386981
Sr. Business Data Analyst,Airgas Inc.,"Houston, TX 77041",+1 location,1651164443.386981
Business Analyst - Mid: 22-02074,Akraya Inc.,"Austin, TX 78759",(Arboretum area),1651164443.386981
ServiceNow Product Specialist/Business Analyst,Albertsons Companies,"Arlington, TX 76011",(East area),1651164443.386981
Business/Systems Analyst,Alion Science and Technology,"San Antonio, TX",Full-time,1651164443.386981
IT Business Analyst,Alliant Group,"Houston, TX 77056",(Uptown area),1651164443.386981
Business Data Analyst,"Allredi, LLC","Pasadena, TX 77503","$65,000 - $70,000 a year",1651164443.386981
Business Analyst,Allura USA,"Houston, TX 77067",(Greenspoint area),1651164443.386981
Technical Business Analyst,Allworth Financial,"Hybrid remote in Dallas, TX",Estimated $80.6K - $102K a year,1651164443.386981
Financial Business Analyst,Altair Global,"Frisco, TX 75034",Estimated $59K - $74.6K a year,1651164443.386981
Financial Business Analyst,"Altair Global Services, LLC","Frisco, TX 75034",Estimated $59K - $74.6K a year,1651164443.386981
Technical Business Analyst,Amadeus,"Dallas, TX",Estimated $85.7K - $109K a year,1651164443.386981
Biz Ops Business Analyst AWS,"Amazon Web Services, Inc.",Texas,+15 locations,1651164443.386981
"Business Analyst, Device, Digital, and Alexa Support, Conten...",Amazon.com Services LLC,"Austin, TX",Full-time,1651164443.386981
Business Operations Analyst,Ambiq,"Austin, TX 78730",Company Overview: Ambiq has been on a singular mission since 2010 to put intelligence everywhere by creating the most energy-efficient semiconductor…,1651164443.386981
Business Analyst,American Heart Association,"Dallas, TX 75219",(Oak Lawn area),1651164443.386981
ETRM- Power Business Analyst,American Unit,"Houston, TX",$70 - $80 an hour,1651164443.386981
Business Intelligence Analyst,Amot Controls Corporation,"Houston, TX 77043",(Spring Branch area),1651164443.386981
"Business Analyst (Waco, TX)",Amplifon,"Waco, TX",2+ years of experience as a process owner or business analyst preferred or other relevant experience.,1651164443.386981
Full-time,Analyst will transform data into insights that drive business value using PowerBI.,"Performs process improvement, business process analyses, needs assessments,…",Posted9 days ago·More...,1651164443.386981
Business Analyst,Angi,"Remote in Houston, TX",+2 locations,1651164443.386981
Business Analyst,Angi,"Remote in Dallas, TX",+2 locations,1651164443.386981
"MARKETING & BUSINESS DEVELOPMENT OPERATIONS ANALYST, II",Antuit,"Remote in Frisco, TX",The Marketing & Business Development Operations Analyst will be an integral part of the Sales and.,1651164443.386981
Business Analyst,Aperia Solutions,"Hybrid remote in Dallas, TX 75254",+1 location,1651164443.386981
IT Business Analyst,Apex Capital Corp,"Fort Worth, TX 76107",(Westridge Area area),1651164443.386981
Finance - Client Services Junior Business Analyst,Apexon,"Fort Worth, TX",Provide formal and informal reporting training for the business users in Client Services department.,1651164443.386981
"Business Analyst, Infrastructure Services Business Operation...",Apple,"Austin, TX",+1 location,1651164443.386981
Payroll Business Analyst - SAP HCM Payroll,Apple,"Austin, TX","The Global Payroll Services team is seeking an experienced Business systems analyst( SAP Payroll ) to provide timely, accurate, and comprehensive payroll…",1651164443.386981
Business Intelligence Analyst - Procurement lV - (B4),Applied Materials,"Austin, TX",Full-time,1651164443.386981
"Business Process Analyst, FT Days",Ardent Health Services,"Amarillo, TX 79106",Full-time,1651164443.386981
"Analyst, Business Process Outsourcing",Argo Group,"Hybrid remote in San Antonio, TX 78205",Estimated $57K - $72.2K a year,1651164443.386981
Full-time,"Assist with capturing business requirements, documents processes, develops complex production reports.",Creates Custom reports derived from enterprise database…,Posted9 days ago·More...,1651164443.386981
Workforce / HR Business Analyst,Associa,"Dallas, TX 75205",(Lower Greenville area),1651164443.386981
Business Intelligence Analyst,Atlantic Aviation,"Plano, TX 75024","$95,000 - $105,000 a year",1651164443.386981
Sr. Business Analyst,Atlassian,"Austin, TX 78701",(Downtown area),1651164443.386981
Business Analyst,Atmosphere-TV,"Austin, TX",Estimated $65.3K - $82.7K a year,1651164443.386981
Consultant / Sr. Business Analyst / Product Owner,Atos,"Remote in Irving, TX 75063",Collaborate with business partners and customers to establish a product roadmap and drive the product/capabilities from concept to launch.,1651164443.386981
Business Intelligence Analyst,Austin Capital Bank,"Austin, TX 78757",(Crestview area),1651164443.386981
IT Business Analyst,Axiom Medical,"The Woodlands, TX 77381",Estimated $69.7K - $88.3K a year,1651164443.386981
Business Analyst - HYBRID,BAE Systems,"Remote in Fort Worth, TX 76137",Full-time,1651164443.386981
"Business Analyst, Portfolio Operations, Medical Segment",BD,"San Antonio, TX 78215","Work with other TGS business partner teams and external partner teams to define, document, analyze and prioritize existing and emerging business requirements to…",1651164443.386981
Business Analyst I,BMO Harris Bank,"Irving, TX",(Las Colinas Urban Center area),1651164443.386981
"Sr. Finance Business Planning Analyst / Plano, TX / Business...",BTI Solutions,"Plano, TX","Analyze the business and provide insights, feedback and recommendation to improve the process and/or business area.",1651164443.386981
"Supply Chain Analyst / Plano, TX / Business / AM776712",BTI Solutions,"Plano, TX",Estimated $68.6K - $86.8K a year,1651164443.386981
"Business Performance Analyst / Plano, TX / Business / AM7747...",BTI Solutions,"Plano, TX",Estimated $63.8K - $80.8K a year,1651164443.386981
"Business Analyst / Plano, TX / Mobile / AM775768",BTI Solutions,"Plano, TX",Estimated $56.8K - $72K a year,1651164443.386981
Business Intelligence Analyst,Babylon,"Remote in Austin, TX",Estimated $77.1K - $97.7K a year,1651164443.386981
Full-time,"Bachelor’s degree in business, commerce, computer science, mathematics or statistics.","In this role, you will be tasked with analyzing key metrics about our…",Posted6 days ago·More...,1651164443.386981
Source To Pay Functional Business Analyst - Travel and Expen...,Ball Corporation,"Remote in Fort Worth, TX 76120",+2 locations,1651164443.386981
Hadoop Oracle Business Technology Analyst,Bank of America,"Addison, TX",Full-time,1651164443.386981
Hybrid Project Manager/Business Analyst Delivery Lead - Tech...,Bank of America,"Houston, TX 77046",(Greenway - Upper Kirby area),1651164443.386981
Consumer Product Strategy Analyst III - Life & Specialty Ser...,Bank of America,"Fort Worth, TX",+1 location,1651164443.386981
Business Analyst,Bankers Healthcare Group,"Remote in Dallas, TX",Estimated $70.3K - $89.1K a year,1651164443.386981
Remote Business Performance Analyst,Banner Health,"Remote in Paradise, TX 76073",+3 locations,1651164443.386981
Remote IT Business Analyst,Banner Health,"Remote in Boerne, TX 78015",Full-time,1651164443.386981
Remote Business Security Analyst III,Banner Health,"Remote in Edinburg, TX 78541",+3 locations,1651164443.386981
Lead HR Business Analyst - SAP,Baylor College of Medicine,"Houston, TX 77030",(Medical Center area),1651164443.386981
Business Process Control Analyst,Bell Textron Inc.,"Fort Worth, TX",Full-time,1651164443.386981
Quickbase Business Analyst,Bill.com,"Houston, TX 77042",(Briar Forest area),1651164443.386981
Sr. Business Analyst Finance,Bioworld Merchandising,"Irving, TX",Estimated $75.1K - $95.1K a year,1651164443.386981
Business Systems Analyst II,Black Knight,"Plano, TX",Estimated $72.2K - $91.4K a year,1651164443.386981
Business Intelligence Analyst,"Brandt Information Services, LLC","Austin, TX 78754",Up to $80 an hour,1651164443.386981
Software Business Analyst - Technology,Breakwater Solutions,"Austin, TX 78746",(Barton Hills area),1651164443.386981
Lead Business Systems Analyst,Bright Health,"Remote in Austin, TX",Estimated $102K - $129K a year,1651164443.386981
Business Intelligence LOB Performance Analyst,Broadway Bank,"San Antonio, TX",Estimated $76K - $96.2K a year,1651164443.386981
Sr. Business Intelligence Analyst - Developer,"Buckeye Partners, L.P.","Houston, TX 77027",(River Oaks area),1651164443.386981
Business Analyst,Buckland,"Laredo, TX 78045",+1 location,1651164443.386981
Business Intelligence Analyst - Can be Remote!,BullsEye Telecom,"Remote in Dallas, TX",Estimated $85.1K - $108K a year,1651164443.386981
Business Intelligence Developer/Analyst,BuzzClan LLC,"Austin, TX 78754",Estimated $104K - $131K a year,1651164443.386981
Business Analyst,CAE Inc.,"Irving, TX",Full-time,1651164443.386981
Business Analyst,CALTEX,"Schertz, TX","$70,000 - $75,000 a year",1651164443.386981
Business Analyst,CAPCO,"Dallas, TX",+2 locations,1651164443.386981
Business Analyst - Energy Trading & Risk Management,CAPCO,"Houston, TX","Business Analyst – Energy Trading & Risk Management - Houston, TX About the team: Capco is a fully independent, global management and technology consultancy…",1651164443.386981
Sr Business Systems Analyst,CBRE,"Dallas, TX 75201",(Downtown area),1651164443.386981
Business Process Analyst - Federal Navy SMIT,CDW,"Houston, TX 77001",+3 locations,1651164443.386981
Business Analyst,"CGI Group, Inc.","Houston, TX",+5 locations,1651164443.386981
General Business Analyst,CPS Energy,"San Antonio, TX 78215",(Downtown area),1651164443.386981
BUSINESS ANALYST,"CROSSMARK, Inc.","Plano, TX 75024",Full-time,1651164443.386981
RPA Business Analyst (UiPath),CTEC Corp.,"San Antonio, TX",Estimated $83.8K - $106K a year,1651164443.386981
Sr Analyst Business Analytics,CVS Health,Texas,"As a Business Audit Support – Sr. Analyst, this role will support Medicare Enrollment Operations through the creation, review, and analyzation of focused…",1651164443.386981
Call Center Business Operations Analyst,CVS Health,Remote in Texas,3-5 Years call center experience as business analyst or in operations roles.,1651164443.386981
Syteline Business Analyst,Cactus Wellhead LLC,"Houston, TX 77024",(Greater Memorial area),1651164443.386981
Business Analyst ( Healthcare Experience ),Calpion/Plutus Health,"Dallas, TX 75244",Estimated $78.5K - $99.5K a year,1651164443.386981
Business Process Analyst,Camelot Strategic Marketing & Media,"Dallas, TX 75231",(Northeast Dallas area),1651164443.386981
Business Intelligence Analyst – Service Planning,Capital Metro,"Austin, TX 78702",(Govalle area),1651164443.386981
Project Manager/ Business Analyst,Catapult Systems,"Austin, TX",Estimated $71K - $90K a year,1651164443.386981
Business Technical Analyst - remote,Centene Corporation,Remote in Texas,+3 locations,1651164443.386981
Business Analyst,Centennial Bank,Texas,+1 location,1651164443.386981
Business Intelligence Analyst,Center for Transforming Lives,"Remote in Fort Worth, TX 76102","$65,000 - $85,000 a year",1651164443.386981
Application Developer/Business Analyst,Chalk Mountain Services,"Fort Worth, TX",+1 location,1651164443.386981
Business Process Analyst 3,Change Healthcare,Texas,Full-time,1651164443.386981
Business Systems Analyst 1,Change Healthcare,Texas,+3 locations,1651164443.386981
Lead Business Analyst,Change Healthcare,Texas,+1 location,1651164443.386981
Business Analyst,Charles Schwab,"Austin, TX",Translating business needs into effective and efficient technical solutions.,1651164443.386981
Business Operations Analyst - AVP,Citi,"Irving, TX","These tasks may include contribution to external audits, business continuity activities or addressing regulatory issues.",1651164443.386981
Business Analyst,City of Amarillo,"City of Amarillo, TX",Estimated $48.5K - $61.5K a year,1651164443.386981
Business Systems Analyst,City of Galveston,"Galveston, TX",Estimated $63.4K - $80.2K a year,1651164443.386981
BUSINESS & FINANCE ANALYST II (PUBLIC WORKS),City of San Angelo Texas,"San Angelo, TX 76903","$42,723 - $53,404 a year",1651164443.386981
INFORMATION TECHNOLOGY BUSINESS ANALYST,"City of Weatherford, TX","Palo Pinto, TX","$86,956 - $95,941 a year",1651164443.386981
Business Analyst,Clarkston Consulting,"Dallas, TX",Estimated $86.6K - $110K a year,1651164443.386981
"Business Analyst, Appraisal Operations",Clear Capital,"Dallas, TX",Estimated $56.4K - $71.4K a year,1651164443.386981
Remote IT Business Analyst,ClientSolv Technologies,"Remote in Dallas, TX",Estimated $86.7K - $110K a year,1651164443.386981
Business Consultant/Analyst (Banking),CloudKaptan,"Texas City, TX",Full-time,1651164443.386981
Business Systems Analyst- Quote to Cash,Cloudflare,"Remote in Austin, TX",+1 location,1651164443.386981
Salesforce Business Analyst,Cloudsquare,"Dallas, TX","$85,000 - $95,000 a year",1651164443.386981
Business Intelligence Analyst,Coca-Cola Southwest Beverages,"Dallas, TX 75240",Analyze volumetric and financial (rates) performance data to identify business plan variances using established systems and ad-hoc problem solving.,1651164443.386981
MES Business Analyst (Remote),Cognizant Technology Solutions,"Remote in Plano, TX 75023",+1 location,1651164443.386981
Full-time,Communicate regularly with business stakeholders.,"The Sr. Business Analyst s role (D365, Finance) is to serve as a business and functional analyst, leading and…",Posted9 days ago·More...,1651164443.386981
Business Insight Analyst III (Remote based in the US),Conifer Health Solutions,"Remote in Frisco, TX",Full-time,1651164443.386981
"Analyst, Business Insight IV - Remote",Conifer Health Solutions,"Remote in Frisco, TX",Full-time,1651164443.386981
Commercial IT Business Analyst,ConocoPhillips,"Houston, TX",Estimated $60.9K - $77.1K a year,1651164443.386981
Full-time,"Considerable knowledge of business theory, business processes, management, budgeting, and business office operations.",Participates in technical-solution design.,Posted6 days ago·More...,1651164443.386981
Business Analyst / Product Analyst - IT,Constellation,"Houston, TX",Solid knowledge of business practices and processes in (add business specific info).,1651164443.386981
Business Analyst,Constellation Software,"Richardson, TX 75080","From $70,000 a year",1651164443.386981
Full-time,Contribute to business and technical workshops.,"Experience with business requirements gathering, process mapping & optimization and data analysis is required.",Posted22 days ago·More...,1651164443.386981
Business Design and Requirements Analyst,Copper River Shared Services,"San Antonio, TX",Estimated $71K - $90K a year,1651164443.386981
Business Analyst,"Cortex Management, LLC","Irving, TX 75063",(Freeport/Hackberry area),1651164443.386981
"Corporate - Business Analyst, Strategic Management Office -...","Cotton Holdings, Inc","Houston, TX 77024",(Memorial area),1651164443.386981
Business Development Analyst,Covenant Underwriters,"Houston, TX 77010",(Downtown area),1651164443.386981
Full-time,Craft language and solutions around consultative approaches to business problems.,Analyze current business processes and align with selected technology…,Posted5 days ago·More...,1651164443.386981
Business Analyst,Crane Co.,"The Woodlands, TX",Estimated $66.1K - $83.7K a year,1651164443.386981
Sr. Business Analyst,Crane Worldwide,"Houston, TX 77073",Estimated $77.9K - $98.7K a year,1651164443.386981
Houston Business Data Analyst,Crawford Electric,"Houston, TX",Estimated $52K - $65.8K a year,1651164443.386981
Full-time,Creating and maintaining beautiful and insightful business dashboards for internal stakeholders.,Creation of ad hoc and curated SQL queries for personal or…,Posted1 day ago·More...,1651164443.386981
"(REMOTE)ANALYST, BUSINESS INFORMATION",Crothall Healthcare,"Remote in Coppell, TX 75019",Full-time,1651164443.386981
Business Analyst - D2D,DSI Systems,"Richardson, TX 75081",(Mark Twain area),1651164443.386981
Technical Business Analyst,DSV,"Dallas, TX",+1 location,1651164443.386981
Business Systems Analyst Daimler Truck Financial Services US...,Daimler Truck AG,"Fort Worth, TX",Estimated $67.7K - $85.7K a year,1651164443.386981
Business Analyst/Technical Trainer,Daisy Brand,"Dallas, TX 75251",Estimated $55.2K - $69.8K a year,1651164443.386981
BUSINESS OPERATIONS ANALYST - CT,Dal-Tile Corporation,"Dallas, TX 75219",(Oak Lawn area),1651164443.386981
Business Analyst,Dallas Endoscopy,"Dallas, TX 75205",(Lower Greenville area),1651164443.386981
Business Analyst - CS,Data Gumbo Corporation,"Houston, TX 77043",(Spring Branch area),1651164443.386981
Techno Functional Business Analyst,DataPattern,"Austin, TX",+1 location,1651164443.386981
Full-time,Day shift,+1,Urgently hiring,1651164443.386981
Full-time,Day shift,"Work with business users for continuous improvement of existing dashboards, reports and datasets.",Bachelor's degree in business analytics area or closely…,1651164443.386981
Full-time,Day shift,+1,Urgently hiring,1651164443.386981
Full-time,Day shift,Urgently hiring,"As a Business Analyst you will manage projects for all internal business applications and oversee all major business software purchases, implementation, and…",1651164443.386981
Full-time,Define and document customer business functions and processes.,7+ years direct work experience in a business analysis role with emphasis on requirements…,Posted13 days ago·More...,1651164443.386981
Full-time,Define configuration specifications and business requirements.,Assist project team with aligning and prioritizing business requirements.,Posted9 days ago·More...,1651164443.386981
Full-time,Define objectives and scope of business system.,Analyze complex business problems and determine an IT solution.,Gather data and analyze business and user needs.,1651164443.386981
Business Systems Analyst,Deloitte,"Hybrid remote in Dallas, TX 75201",+17 locations,1651164443.386981
Lead Talent Business Analyst,Deloitte,"Midland, TX",+39 locations,1651164443.386981
Tax Business Systems Analyst/ScrumMaster,Deloitte,"Hybrid remote in Austin, TX",+3 locations,1651164443.386981
Business Systems Analyst Manager/Release Train Engineer-GPS,Deloitte,"San Antonio, TX 78232",+3 locations,1651164443.386981
Lead IT & Business Process Analyst - DAS Audit,Deloitte,"Midland, TX",+5 locations,1651164443.386981
Business Solution Analyst / Product Owner - DAS ERM,Deloitte,"Dallas, TX 75201",(Downtown area),1651164443.386981
Business Continuity Analyst,Deloitte,"Hybrid remote in Dallas, TX 75201",+3 locations,1651164443.386981
SWI IT Liaison and Business Analyst,Dept of Family & Protectve Svc,"Austin, TX 78754",+1 location,1651164443.386981
Full-time,Develop business requirements and collaborate in the translation of business requirements into technical requirements.,Critical thinking and analytical skills.,Posted20 days ago·More...,1651164443.386981
Sr. Salesforce Business Systems Analyst (Sales & Marketing C...,Digital Realty,"Remote in Dallas, TX 75201",Good understanding of business process flows.,1651164443.386981
Business Analyst,Divish LLC,"Austin, TX",$55 an hour,1651164443.386981
Full-time,Document specifications for business intelligence or other outputs.,Maintain or update business intelligence tools and methods.,A Master's Degree is a Plus.,1651164443.386981
Full-time,Documents and develops complex business analysis and reporting requirements.,Coordinates a variety of projects/requests simultaneously and ensures timely…,Posted30+ days ago·More...,1651164443.386981
Business Analyst,Doggett Industries,"Houston, TX 77037",(Hidden Valley area),1651164443.386981
Full-time,Drive discovery conversations with our clients’ IT staff and business stakeholders.,Author design and configuration specifications based on client business and…,Posted30+ days ago·More...,1651164443.386981
Sr. Business Analyst,Dutech System,"Austin, TX",+1 location,1651164443.386981
Medicaid Business Analyst,Dutech System,"Austin, TX",$60 - $70 an hour,1651164443.386981
PeopleSoft Business Analyst,Dutech System,"Austin, TX",$60 - $65 an hour,1651164443.386981
Business Intelligence Analyst/Developer - Local to TX,Dutech Systems,"Austin, TX",+1 location,1651164443.386981
Business Intelligence Analyst/Developer NEW!,Dutech Systems,"Austin, TX",Estimated $114K - $145K a year,1651164443.386981
Sr. Business Analyst,"EDF Trading North America, LLC","Houston, TX 77002",(Downtown area),1651164443.386981
Business Process Analyst,ENGIE North America Inc.,"Houston, TX 77056",(Uptown area),1651164443.386981
Oracle Business Processing - Analyst - Service Delivery Cent...,EY,"San Antonio, TX 78205",(Downtown area),1651164443.386981
Business Analyst - FinTech - 100% REMOTE,EZRecruit,"Remote in Austin, TX",+3 locations,1651164443.386981
Business Analyst - REMOTE,Eagle Creek Software Services,"Remote in Houston, TX",Estimated $76.6K - $97K a year,1651164443.386981
Salesforce Business Analyst - Remote,Eagle Creek Software Services,"Remote in Houston, TX",+2 locations,1651164443.386981
Business Systems Analyst,Education Service Center Region XIII,"Austin, TX 78723",(Pecan Springs Springdale area),1651164443.386981
Business Operations Analyst,Einride,"Remote in Austin, TX 78701",Estimated $65.4K - $82.8K a year,1651164443.386981
Business Analyst,Einride,"Remote in Austin, TX 78701",Estimated $60.4K - $76.4K a year,1651164443.386981
Business Analyst,Ellucian,"Houston, TX",Estimated $74.6K - $94.4K a year,1651164443.386981
Analyst - Business Optimz,Energy Transfer Family of Partnerships,"Dallas, TX","The Business Optimization group facilitates strategic cross-functional alignment, collaboration, and successful delivery of enterprise programs leveraging…",1651164443.386981
"Lead Analyst - Business Systems - 2210000760 - Dallas, TX",Energy Transfer Partners,"Dallas, TX",Full-time,1651164443.386981
Lead Specialist - IT Technical Business Analyst - NGL -22100...,Energy Transfer Partners,"Houston, TX",Full-time,1651164443.386981
Full-time,Ensure solutions meet business needs and requirements and assist in Quality Assurance testing.,Collaborate and engage with the development and product engineers…,PostedToday·More...,1651164443.386981
Full-time,Ensuring solutions meet business needs and requirements.,Prioritizing initiatives based on business needs and requirements.,Posted21 days ago·More...,1651164443.386981
Business Analyst for Surface Division,Epiroc Drilling Solutions LLC,"Garland, TX",Estimated $71.7K - $90.9K a year,1651164443.386981
Business Systems Analyst 2,Epsilon,"Irving, TX 75039",(Freeport/Hackberry area),1651164443.386981
Marketing Business Analyst 2,Epsilon,"Irving, TX 75039",(Freeport/Hackberry area),1651164443.386981
Business Analyst,Equifax,"Houston, TX 77079",(West Houston area),1651164443.386981
IT Business Analyst,Equipment Depot LTD,"Houston, TX 77032",(Greenspoint area),1651164443.386981
Business Analyst,Ericsson,"Remote in Plano, TX",Support core interpersonal functions and business processes within the Project Management Office.,1651164443.386981
Sr. HR Business Analyst,Ericsson,"Remote in Plano, TX",Bachelor's degree or 8 plus years of demonstrated ability in a business analyst/process role.,1651164443.386981
Business Analyst (looking only for those who are local to Te...,"Esolvit Inc.,","Austin, TX",+2 locations,1651164443.386981
Business Analyst (Medicaid),"Esolvit Inc.,","Austin, TX 78754",$90 - $100 an hour,1651164443.386981
"Business Analyst, Junior Level",Everde Growers,"Houston, TX 77092",(Northwest area),1651164443.386981
Business Analyst - IT Service Mgt Tool (Remote in CST/MST/PS...,Everi Games Inc,"Remote in Austin, TX",Estimated $77K - $97.4K a year,1651164443.386981
Full-time,Excellent customer service skills with the ability to effectively identify and develop solutions for business needs.,2 or more years of Agile experience.,Posted21 days ago·More...,1651164443.386981
Full-time,Experience collaborating with business stakeholders.,Consult and liaise with stakeholders to gather and confirm business requirements.,Posted1 day ago·More...,1651164443.386981
Full-time,Experience collaborating with business stakeholders.,Consult and liaise with stakeholders to gather and confirm business requirements.,Posted1 day ago·More...,1651164443.386981
Full-time,Experience documenting business requirements and processes.,Experience in defining detailed business requirements to support strategic and/or tactical projects.,Posted2 days ago·More...,1651164443.386981
Full-time,Experience in solutioning of business requirements.,"Proficient in CRM’s core OOB functionalities like workflows, business rules, business process flow, security…",Posted22 days ago·More...,1651164443.386981
Full-time,Experience leveraging pay system experience to analyze business design and requirements.,Trace technical requirements mapped to E2E process steps to confirm…,Posted12 days ago·More...,1651164443.386981
Full-time,Experience utilizing business analysis skills and interacting with business end users and technical staff.,Experience in requirements gathering and translating…,PostedToday·More...,1651164443.386981
Full-time,Experience working as or tightly with business and management stakeholders.,Be comfortable writing business use cases and acceptance criteria as needed.,Posted9 days ago·More...,1651164443.386981
Full-time,Experience:3-5 years direct experience in similar business analyst roles.,"The business analyst is expected to analyze business problems, design and recommend…",Posted28 days ago·More...,1651164443.386981
Full-time,Extended working hours may be required as dictated by management and business needs.,"Develop dashboards, presentations, and other communications to share…",Posted13 days ago·More...,1651164443.386981
Compensation Business Analyst,Facebook App,"Austin, TX",Work with recruiting and business leaders to develop offers.,1651164443.386981
"Business Integrity Associate, Technical Analyst",Facebook App,"Austin, TX",+5 locations,1651164443.386981
Full-time,Facilitating discussions between divisions to develop aligned business processes.,Business Acumen: General business knowledge and understanding of Nucor.,Posted5 days ago·More...,1651164443.386981
Remote Business Analyst,First American Financial Corporation,"Remote in Irving, TX",+1 location,1651164443.386981
Business Analyst - Asset Recovery,First Community Credit Union,"Houston, TX 77095",From $20 an hour,1651164443.386981
Business Development Analyst,First Community Credit Union,"Houston, TX 77095",Full-time,1651164443.386981
Business Solutions Analyst,First National Bank Texas,"Killeen, TX 76542",Estimated $36K - $45.6K a year,1651164443.386981
Business Solutions Support Analyst,First National Bank Texas,"Killeen, TX 76542",Estimated $25.2K - $31.8K a year,1651164443.386981
Business Analyst,FirstClose,"Remote in Austin, TX 78730",Estimated $75.6K - $95.8K a year,1651164443.386981
Business Systems Analyst,FirstClose,"Remote in Austin, TX 78730",Estimated $93.2K - $118K a year,1651164443.386981
Business Analyst - Full Time (40 hrs) - Information Technolo...,FirstLight Federal Credit Union,"El Paso, TX 79924",(Northeast area),1651164443.386981
Business Process Analyst,Fisher Investments,"Plano, TX 75093",Estimated $74.5K - $94.3K a year,1651164443.386981
Business Process Analyst,Fisher Investments,"Plano, TX 75093",Full-time,1651164443.386981
Business Systems Analyst,Flex,"Austin, TX",Full-time,1651164443.386981
Enterprise Support Business Analyst,Flowserve Corporation,"Irving, TX 75062",Full-time,1651164443.386981
IT BUSINESS ANALYST,Foodbuy,"Plano, TX 75074",Full-time,1651164443.386981
Business Analyst SME on Agile/Scrum/Safe,Formac,"Dallas, TX",$30 - $62 an hour,1651164443.386981
IT Project/Business Analyst - Grant Funded - Information Tec...,Fort Bend County,"Richmond, TX 77469","$75,711 - $91,141 a year",1651164443.386981
Business Analyst - Supply Chain,Four Hands,"Austin, TX 78744",(McKinney area),1651164443.386981
Business Support Analyst I - Remote,Freedom Mortgage,"Remote in Dallas, TX",Full-time,1651164443.386981
Sales Business Analyst (Hybrid Environment),FreshBooks,"Remote in San Antonio, TX",Prepare weekly and monthly reports to support various business partners.,1651164443.386981
Business Analyst,Frontier,"Dallas-Fort Worth, TX 75261",+1 location,1651164443.386981
BUSINESS SYSTEMS AND INTELLIGENCE ANALYST,Frontier,"Houston, TX 77004",(Midtown area),1651164443.386981
Business Operations Analyst,GAMEUS,"Grapevine, TX 76051",Estimated $62.6K - $79.2K a year,1651164443.386981
Business Insight Analyst IV (100% US Remote),GOIN,"Remote in Southlake, TX 76092",Estimated $65.2K - $82.6K a year,1651164443.386981
Business Functional Analyst – III,GTA Telecom,"Irving, TX",Estimated $84.1K - $106K a year,1651164443.386981
Advisor Business Analyst,Gainwell Technologies,Texas,Full-time,1651164443.386981
Advisor Business Analyst,Gainwell Technologies LLC,Texas,+8 locations,1651164443.386981
IT Business Analyst,Gallagher,"Remote in Austin, TX",Estimated $64.8K - $82K a year,1651164443.386981
Junior Business Analyst,Gartner,"Austin, TX",Estimated $52.8K - $66.8K a year,1651164443.386981
Business Analytics Analyst,GoExpedi,"Houston, TX",Estimated $61.6K - $78K a year,1651164443.386981
"Business Systems Analyst, SAP Order to Cash",Google,"Dallas, TX",+10 locations,1651164443.386981
"Business Systems Analyst, SAP Security, Finance",Google,"Austin, TX",(Downtown area),1651164443.386981
"Business Systems Analyst, Customer Management Solutions, Dat...",Google,"Austin, TX",(Downtown area),1651164443.386981
"Business Systems Analyst, Supply Chain, Finance, Master Data",Google,"Austin, TX",(Downtown area),1651164443.386981
"Business Systems Analyst, Procurement and Finance Works",Google,"Austin, TX",(Downtown area),1651164443.386981
"Business Systems Analyst, Finance, Assets and Inventory Acco...",Google,"Austin, TX",(Downtown area),1651164443.386981
"Business Systems Analyst Manager, Extended Workforce Solutio...",Google,"Austin, TX",(Downtown area),1651164443.386981
"Business Systems Analyst, Business Warehouse Development",Google,"Austin, TX",(Downtown area),1651164443.386981
Business Analyst,Granify,"Remote in Austin, TX 78702",Estimated $63.6K - $80.6K a year,1651164443.386981
Business Systems Analyst II,Graphic Packaging International,"Texarkana, TX",+1 location,1651164443.386981
Business Analyst - Access Management (Remote),GuidePoint Security,"Remote in Dallas, TX",Estimated $86K - $109K a year,1651164443.386981
Business Analyst (Salesforce),HCSS,"Hybrid remote in Sugar Land, TX 77478",+1 location,1651164443.386981
Dealer Functional Business Analyst,HOLT CAT,"San Antonio, TX 78222",(Pecan Valley area),1651164443.386981
Business Intelligent Analyst,"HTC Global Services, Inc.","Austin, TX",Hands-on business intelligence application development or closely related experience.,1651164443.386981
Business Analyst,"HTC Global Services, Inc.","Austin, TX","Be a part of something bigger by helping clients go digital, create engaging customer experiences and transform their business.",1651164443.386981
Contract,Hands on business intelligence application development or closely related experience.,Performs database design & development and provides database related…,Posted2 days ago·More...,1651164443.386981
Epic Business Analyst I,Harris Health System,"Bellaire, TX",+2 locations,1651164443.386981
HR Business Analyst,Harris Health System,"Bellaire, TX",Full-time,1651164443.386981
Lead IT Business Analyst - Community Health Choice,Harris Health System,"Houston, TX 77054",(South Main area),1651164443.386981
Full-time,Has experience working with technical teams to achieve expected business goals.,"Involved in UAT activities across all financial systems and business processes,…",Posted13 days ago·More...,1651164443.386981
Full-time,Has experience working with technical teams to achieve expected business goals.,"Involved in UAT activities across all financial systems and business processes,…",Posted26 days ago·More...,1651164443.386981
HMIS Business Systems Analyst (Remote),Haven for Hope of Bexar County,"Remote in San Antonio, TX 78207",Estimated $64.9K - $82.1K a year,1651164443.386981
REINSURANCE BUSINESS ANALYST,HealthSmart,"Irving, TX 75039",Estimated $55.4K - $70.2K a year,1651164443.386981
Business Planning Analyst,Hewlett Packard Enterprise,"Spring, TX 77389",+1 location,1651164443.386981
Business Intelligence Analyst,Hillebrand GORI,"Houston, TX 77034",Estimated $67.6K - $85.6K a year,1651164443.386981
Business Operations Analyst,"Hillwood Development Company, LLC.","Dallas, TX",Estimated $62K - $78.4K a year,1651164443.386981
Business Process Analyst,Hines,"Houston, TX 77056",(Uptown area),1651164443.386981
Business Analyst/Project Manager,Hinshaw & Culbertson,"Houston, TX",Estimated $99.5K - $126K a year,1651164443.386981
Full-time,Hiring multiple candidates,Cybermedia Technologies (CTEC) www.ctec-corp.com is a CMMI Level III company that has provided technology and management solutions to commercial and…,Posted29 days ago·More...,1651164443.386981
Logistics Business Analyst,HollyFrontier Corporation,"Dallas, TX 75201",(Uptown area),1651164443.386981
IT BUSINESS ANALYST,HomePro,"Carrollton, TX 75006","$70,000 - $95,000 a year",1651164443.386981
Business Intelligence Analyst (Power BI),Hope Media Group,"Humble, TX 77338",Estimated $76.1K - $96.3K a year,1651164443.386981
Business Operations Analyst,Houlihan Lokey,"Dallas, TX",Estimated $59.6K - $75.4K a year,1651164443.386981
Business Intelligence & Strategy Analyst,Houston Dynamo FC,"Houston, TX",Estimated $61.5K - $77.9K a year,1651164443.386981
Business Analyst - Corporate Revenue Cycle - 100% Remote (Mu...,Houston Methodist,"Remote in Houston, TX 77054",Full-time,1651164443.386981
"Business Analyst, Wallet",Hyphen Solutions,"Dallas, TX 75234",+1 location,1651164443.386981
Sr. Analyst of Business Model - Temporary,ICON,"Austin, TX",Temporary,1651164443.386981
Business Pro Analyst III,IGT,"Austin, TX 78754",Demonstrates a strong sense of urgency and makes sound business judgments.,1651164443.386981
Junior Business Analyst/Client Services,"INFOMATICS, INC.","Fort Worth, TX 76177",$30 - $35 an hour,1651164443.386981
Business Systems Analyst (SQL),IPKeys Technologies,"Plano, TX 75023",Estimated $64.7K - $81.9K a year,1651164443.386981
Data Analyst – Treasury Operations (Hybrid),Independent Financial,"McKinney, TX 75070",Estimated $53.8K - $68.2K a year,1651164443.386981
Junior IT Business Analyst,Industrial Info Resources,"Sugar Land, TX",+1 location,1651164443.386981
Data Business Analyst (FT),IndustrialInfo Resources,"Sugar Land, TX",+1 location,1651164443.386981
Business Analyst with Technology enablement,Infinites HR Services,"Dallas, TX",Estimated $103K - $130K a year,1651164443.386981
Payment Business Analyst,Infosys,"Richardson, TX 75082","At least 6 years of experience in capturing requirements related to internal/external consulting, documenting, and mapping current business process.",1651164443.386981
Business Intelligence Analyst,Innovate Loan Servicing Corporation,"Fort Worth, TX 76137",(Far North area),1651164443.386981
Medicaid Business Analyst,IntegrateUs Services,"Austin, TX 78701",(Downtown area),1651164443.386981
Business Intelligence Analyst,Integrative Emergency Services,"Dallas, TX 75244",Full-time,1651164443.386981
Sr Business Analyst,Intuit,"Plano, TX 75024","Work cross-functionally to understand strategic priorities, upcoming business changes, product releases, and any other factors across the business that may…",1651164443.386981
Lead Business Analyst,"J.C. Penney Corporation, Inc.","Plano, TX 75024",+1 location,1651164443.386981
JD Edwards E1 Business Analyst,JDEdwardsRecruiter.com,"Dallas, TX 75201",(Downtown area),1651164443.386981
Integrated Facilities Management (IFM) Business Analyst,JLL,"Dallas, TX",+2 locations,1651164443.386981
ServiceNow Business Analyst,"JPMorgan Chase Bank, N.A.","Plano, TX",+5 locations,1651164443.386981
Talent Acquisition Business Analyst,"JPMorgan Chase Bank, N.A.","Plano, TX",Full-time,1651164443.386981
Identity and Access Management - Business Analyst,"JPMorgan Chase Bank, N.A.","Plano, TX",Full-time,1651164443.386981
CAO PMO Business Analyst Project Support,"JPMorgan Chase Bank, N.A.","Plano, TX",Full-time,1651164443.386981
Business Analyst I - Chase Digital Assistant,"JPMorgan Chase Bank, N.A.","Plano, TX",Full-time,1651164443.386981
Business Banking - Quality Analyst I,"JPMorgan Chase Bank, N.A.","Plano, TX",Full-time,1651164443.386981
Digital Channels Product - Business Analyst,"JPMorgan Chase Bank, N.A.","Plano, TX",Full-time,1651164443.386981
Commercial Bank FIG Mortgage Finance - Sales Business Analys...,"JPMorgan Chase Bank, N.A.","Houston, TX",Full-time,1651164443.386981
WMS Implementation / Business Solution Analyst,Jason Industrial,"Dallas, TX 75247",(Northwest Dallas area),1651164443.386981
Business Analyst,Jones|Carter,"Bellaire, TX",Estimated $91.6K - $116K a year,1651164443.386981
Sr. IT Business Process Analyst,KBR,"Houston, TX",Full-time,1651164443.386981
Business Analyst,KBX,"Houston, TX 77044",+1 location,1651164443.386981
"Technical Business Analyst, Tax GMS",KPMG,"Houston, TX 77002",(Downtown area),1651164443.386981
Salesforce Marketing Cloud Agile Business Process Analyst -...,KPMG,"Remote in Fort Worth, TX 76102",+3 locations,1651164443.386981
"Technical Business Analyst, Tax GMS",KPMG,"Dallas, TX",+1 location,1651164443.386981
Business Analyst,"KPS Global, LLC","Fort Worth, TX 76137",(Far North area),1651164443.386981
Business Intelligence Analyst (Power BI),KSBJ,"Humble, TX 77338",Estimated $73.3K - $92.9K a year,1651164443.386981
Business System Analyst - E-Commerce,Karat by Lollicup,"Rockwall, TX 75032","Up to $65,000 a year",1651164443.386981
Business Intelligence Analyst,Kestra Financial,"Austin, TX 78735",(East Oak Hill area),1651164443.386981
"Business Systems Analyst, Houston, TX",Key Energy Services,"Houston, TX 77042",(West Houston area),1651164443.386981
Work with business analysts and business partners to ensure accuracy of enhancements.,Knowledge of business concepts and requirements.,At least 18 years of age.,Posted7 days ago·More...,1651164443.386981
Business Analyst,L'Oreal,"Austin, TX 78758",(The Domain area),1651164443.386981
Business Analyst Associate,L3Harris Technologies,"Greenville, TX",+3 locations,1651164443.386981
Business Analyst,LMG Technology Services LLC,"Austin, TX",Estimated $87K - $110K a year,1651164443.386981
Supply Chain Analyst-Business Intelligence or Analytics back...,LOCKHEED MARTIN CORPORATION,"Fort Worth, TX 76137",(Far North area),1651164443.386981
"ERP Business Analyst - Orlando, FL or Grand Prairie, TX",LOCKHEED MARTIN CORPORATION,"Grand Prairie, TX 75051",+1 location,1651164443.386981
Business Analyst,Labatt Food Service,"San Antonio, TX 78218",Estimated $64.3K - $81.5K a year,1651164443.386981
Full-time,Lead business process analysis sessions.,"This position will be responsible for gathering business requirements, creating user stories, and designing scalable,…",Posted19 days ago·More...,1651164443.386981
Full-time,Leverage business analysis methodologies to evaluate and document business processes.,This role will collaborate with internal business partners to effectively…,Posted21 days ago·More...,1651164443.386981
Business Intelligence Analyst,Logisnext Houston,"Houston, TX 77043",(Spring Branch area),1651164443.386981
ORACLE BUSINESS ANALYST II - US,Luminex,"Austin, TX 78727",Estimated $84.5K - $107K a year,1651164443.386981
Sr Business Systems Analyst - ELN (Electronic Lab Notebook),MD Anderson Cancer Center,"Hybrid remote in Houston, TX 77030",+2 locations,1651164443.386981
Principal Business Development Analyst,MD Anderson Cancer Center,"Remote in Houston, TX 77030",Full-time,1651164443.386981
ERP Business Analyst,MORSCO INC,"Dallas, TX 75248",(Far North area),1651164443.386981
SAP FICO Business Analyst,"Madiba, Inc.","Remote in Dallas, TX",Estimated $105K - $133K a year,1651164443.386981
Full-time,Maintain D365 systemwide settings as necessary to support business changes and growth/expansion.,Support users with training and coaching on D365/ISV…,PostedToday·More...,1651164443.386981
Full-time,Maintain business process documentation and Hillwood Communities training resources.,Work closely with internal stakeholders to improve business processes…,PostedToday·More...,1651164443.386981
Full-time,Maintain business processes and group artifacts.,"Partner with the business to develop the client life cycle, map business capabilities and important processes,…",Posted26 days ago·More...,1651164443.386981
Full-time,Manages projects related to business strategy and transformation.,Develops project scope/definition and business case in partnership with sponsor.,EmployerActive 2 days ago·More...,1651164443.386981
IT Business Analyst - Midstream OT ITSM,Marathon Petroleum Company LP,"San Antonio, TX 78259",(Encino Park area),1651164443.386981
Business Systems Analyst,Mastech Digital,"Irving, TX 75038",(Cottonwood area),1651164443.386981
Full-time,May be required to travel 50% on company business to interact with customers.,It is also responsible of maintaining product Sales tools including but not…,PostedToday·More...,1651164443.386981
Sr Business Analyst,McKesson,"Irving, TX 75039",(Freeport/Hackberry area),1651164443.386981
Lead Business Systems Analyst - CSMP & OTC,McKesson,"Irving, TX 75039",(Freeport/Hackberry area),1651164443.386981
ETL Developer / Analyst & IT Business Intelligence,"Mears Group, Inc.","Houston, TX 77056",(Uptown area),1651164443.386981
Business Systems Analyst,"Medpace, Inc.","Irving, TX 75038",(Cottonwood area),1651164443.386981
Data Product Manager/Business Analyst,Merkle,"Fort Worth, TX","$35,000 - $100,000 a year",1651164443.386981
BUSINESS ANALYST DEC SUP MMG,Methodist Health System,"Dallas, TX",Full-time,1651164443.386981
Business Analyst with Banking,Migration Factory,"Irving, TX 75061",(Plymouth Park area),1651164443.386981
Business Systems Analyst,Miro,"Austin, TX 78703",(Clarksville area),1651164443.386981
Preparation and Placement for Business Analyst Role,MobileAppsUS,"Texas City, TX",$32.50 - $35.00 an hour,1651164443.386981
Business Analyst - Remote USA,MoneyGram,"Remote in Dallas, TX",Full-time,1651164443.386981
Lead Business Systems Analyst,MyFitnessPal,"Remote in Austin, TX",Estimated $88.6K - $112K a year,1651164443.386981
Jr. Business Analyst,NET2ASPIRE,"Texas City, TX","$65,000 - $80,000 a year",1651164443.386981
Digital Business Analyst,NRG,"Houston, TX 77002",(Downtown area),1651164443.386981
Business Analyst,NTT DATA,"Remote in Frisco, TX 75034",+5 locations,1651164443.386981
Logistics and Integration Business Analyst,NTT DATA,Texas,Elicit business and functional requirements from customer; validate requirements with integration team.,1651164443.386981
Technical Business Analyst,Nasscomm,"Plano, TX",Estimated $61.4K - $77.8K a year,1651164443.386981
Business Analyst,Natera,"Remote in Austin, TX","Bachelor's Degree in business, economics, related field, or equivalent required.",1651164443.386981
Oracle Cloud Projects Business Analyst,National Oilwell Varco,"Houston, TX 77042",(West Houston area),1651164443.386981
Business Analyst III,NextEra Energy,"Houston, TX 77070",+1 location,1651164443.386981
DH - Business Analyst,Nobilitas Group LLC,"Sugar Land, TX",Estimated $94.3K - $119K a year,1651164443.386981
Business Analysts. Multiple openings,Nuanza,"McKinney, TX 75070",+1 location,1651164443.386981
Business Analyst - Maintenance,Nucor Business Technology,"Dallas, TX 75251",(North Dallas area),1651164443.386981
Business Analyst,Nucor Insulated Panel Group LLC,"Lewisville, TX 75057",Estimated $68K - $86.2K a year,1651164443.386981
Business Intelligence Analyst,"Numbers Only, Inc","Austin, TX 78754",$70 an hour,1651164443.386981
Business/Functional Analyst,O2O Venturez Pvt. Ltd.,"Irving, TX 75038",(Cottonwood area),1651164443.386981
529210091C Business Intelligence Analyst 3,OST,"Austin, TX 78710",+1 location,1651164443.386981
Business Intelligence Analyst,Omni Hotels & Resorts,"Dallas, TX 75219",(Oak Lawn area),1651164443.386981
Business Analyst,OmniSYS,"Dallas, TX 75248",(Far North area),1651164443.386981
Business Analyst,Onset Technologies LLC,"Houston, TX 77084","$65,000 - $90,000 a year",1651164443.386981
Technical Business Analyst,Onyx CenterSource,"Dallas, TX 75240",(Far North area),1651164443.386981
Business Systems Analyst (Remote),Open Mortgage LLC,"Remote in Austin, TX 78737",Estimated $75.1K - $95.1K a year,1651164443.386981
"Business System Analyst - Dallas, TX",Optum,"Remote in Dallas, TX 75202",+2 locations,1651164443.386981
Operations Business Analyst,Oracle,"Austin, TX 78741",(Riverside area),1651164443.386981
Global Applications Business Analyst,Oracle,"Austin, TX 78741",(Riverside area),1651164443.386981
Business Analyst,OrangeGrid,"Flower Mound, TX 75028",Estimated $65.9K - $83.5K a year,1651164443.386981
BUSINESS ANALYST,OrchestrateHR,"Addison, TX 75001",Estimated $66.8K - $84.6K a year,1651164443.386981
"IT Business Analyst, Enterprise Applications (Onsite or Remo...",Overhead Door Corporation,"Lewisville, TX",Position Function: The Enterprise Application Analyst will work as a member of Overhead Door’s Enterprise Application team to enhance and support our Oracle…,1651164443.386981
Medicaid Business Analyst,"PMCS Services, Inc","Austin, TX 78751",(Hyde Park area),1651164443.386981
Business Intelligence Analyst II/ SQL Developer,PRECISIONxtract,"Remote in Dallas, TX",+2 locations,1651164443.386981
Business Analyst - Remote,PREMISE HEALTH,"Remote in Fort Worth, TX",+4 locations,1651164443.386981
US Tech - Business Analyst,PRICE WATERHOUSE COOPERS,"Fort Worth, TX 76102",+4 locations,1651164443.386981
Digital Products- Content Management /AEM Business Analyst-M...,PRICE WATERHOUSE COOPERS,"Remote in Dallas, TX 75201",+3 locations,1651164443.386981
Business Analyst with ETRM,PRIMUS,"Houston, TX","$145,000 - $150,000 a year",1651164443.386981
Guidewire Business Analyst,PRO IT,"San Antonio, TX",+1 location,1651164443.386981
Technical Business Analyst (Full Time) - Sugar Land,PROSPERITY BANK,"Sugar Land, TX 77478",Estimated $88.3K - $112K a year,1651164443.386981
Sr. Oracle Financials Business Analyst,Parker Drilling Company,"Houston, TX 77042",(Briar Forest area),1651164443.386981
Sr. Oracle Financials Business Analyst,Parker Wellbore,"Houston, TX 77042",(Briar Forest area),1651164443.386981
Business Analyst,PayPal,"Austin, TX",Full-time,1651164443.386981
Business Analyst ABBI (remote),Pearson,"Remote in Austin, TX 78703",A successful candidate for the Business Analyst position will be an individual who has demonstrated experience working with business and technology stakeholders…,1651164443.386981
"Business Analyst, Decision Management - San Antonio Texas",PenFed Credit Union,"San Antonio, TX 78259",(Encino Park area),1651164443.386981
Full-time,Perform ad-hoc data analysis based on the needs of the business.,"Reports to: Vice President, Portfolio Management & Business Insights.",Posted5 days ago·More...,1651164443.386981
Business System Analyst - Salesforce,Photon,"Dallas, TX 75234",Estimated $75.3K - $95.3K a year,1651164443.386981
Business Analyst IV,Photon,"Lewisville, TX",Estimated $77.8K - $98.4K a year,1651164443.386981
Technical Business Analyst - DevOps,Photon,"Plano, TX",Estimated $94.7K - $120K a year,1651164443.386981
IT Business Analyst,Pinnacle Technical Resources,"Plano, TX 75024",Contract,1651164443.386981
Business Analyst,Pixentia,"Irving, TX 75038",(Cottonwood area),1651164443.386981
Salesforce Business Analyst,Pomeroy,"Dallas, TX","Up to $90,000 a year",1651164443.386981
Business Equity Compliance Analyst II,Port Houston,"Houston, TX 77029",(Denver Harbor - Port Houston area),1651164443.386981
Business Intelligence Analyst - Remote,Precision Castparts Corp.,"Remote in Houston, TX",Full-time,1651164443.386981
Full-time,Present and deliver valuable insights and findings to business leaders.,You will learn to understand the nuances of our business and ensure that we capture and…,Posted22 days ago·More...,1651164443.386981
Business Analyst,Priceline.com,"Dallas, TX",Full-time,1651164443.386981
Business Intelligence Analyst - Levelset,Procore Technologies,"Austin, TX",Full-time,1651164443.386981
Full-time,Proven experience with business analyst best practices and deliverables.,Consult with end users and management to identify and document business requirements of…,Posted1 day ago·More...,1651164443.386981
8 hour shift,"Provide SQL development, production support, business analysis, and business process duties as needed.",Thorough knowledge of business processes in assigned area…,Posted3 days ago·More...,1651164443.386981
Full-time,Provide support to business units by working on help desk ticket requests.,3–5 years of experience in business systems analysis or related field.,Posted8 days ago·More...,1651164443.386981
Business Analyst - Education,Public Consulting Group,"Remote in Austin, TX 78701",Estimated $55.9K - $70.7K a year,1651164443.386981
Jr. Business Analyst,Quest Trust Company,"Houston, TX 77084",$21 - $23 an hour,1651164443.386981
Business Operations Analyst - Contract 1 1,RWE,"Austin, TX",Estimated $54.8K - $69.4K a year,1651164443.386981
Business Operations Analyst - Contract 1 1,RWE Renewables Americas LLC,"Austin, TX",Estimated $54.8K - $69.4K a year,1651164443.386981
QUALITY BUSINESS ANALYST,Radiology Associates,"Fort Worth, TX 76104",(Southside area),1651164443.386981
Business Analyst - Asset / Engineering Information Managemen...,ReVisionz,"Houston, TX",Estimated $90.9K - $115K a year,1651164443.386981
Salesforce Business Analyst III,RealPage,"Remote in Richardson, TX 75082",+2 locations,1651164443.386981
Functional Business Analyst - JDE Order-to-Cash (Remote),RectorSeal,"Remote in Houston, TX 77055",Estimated $82.5K - $104K a year,1651164443.386981
REMOTE Junior Oracle Business Analyst,"Remington Hotels, LLC.","Remote in Dallas, TX 75254",+1 location,1651164443.386981
State Portfolio Business Analyst,Republic National Distributing Company,"Dallas, TX",+1 location,1651164443.386981
Business Development Analyst,ResProp Management,"Austin, TX",Full-time,1651164443.386981
Business Systems Analyst,Resource Center Of Dallas Inc,"Dallas, TX 75235",(Northwest Dallas area),1651164443.386981
Full-time,Responsive employer,"Manage client accounts, relationships and projects as a primary analyst.",Business Analyst (Full-Time & Permanent)*.,1651164443.386981
Full-time,Responsive employer,Provide oversight to ambiguous business problems and recommend visualization solutions that can be easily interpreted by users.,EmployerActive 6 days ago·More...,1651164443.386981
Full-time,Responsive employer,This position is a key member of the SigmaFlow Customer Success team responsible for implementations and improving the experience of SigmaFlow’s customer base.,Posted23 days ago·More...,1651164443.386981
Business Analyst,Reynolds and Reynolds,"College Station, TX 77840",Full-time,1651164443.386981
Business Process Analyst,Reynolds and Reynolds,"Houston, TX 77001",Full-time,1651164443.386981
Business Systems Analyst III (D365 & F&O),"Rochester Sensors, LLC","Dallas, TX 75229",(Preston Hollow area),1651164443.386981
Business Intelligence Analyst - Operations Analytics,Rover,"Hybrid remote in San Antonio, TX",Estimated $73.2K - $92.6K a year,1651164443.386981
Home Delivery Business Analyst,Rug Doctor,"Plano, TX 75075",Estimated $31.4K - $39.8K a year,1651164443.386981
Business Analyst,RumbleOn,"Irving, TX","$80,000 - $95,000 a year",1651164443.386981
Assoc SAP Business Analyst,Rush Enterprises,"New Braunfels, TX 78130",Work closely with technical staff to ensure requirements are understood and delivered to the business.,1651164443.386981
Junior Product Owner/Business Analyst,S&P Global,"Dallas, TX",Full-time,1651164443.386981
SailPoint Business Analyst,SET Solutions,"Houston, TX 77019",(River Oaks area),1651164443.386981
Business Analyst,SFORCE IT,"Plano, TX 75024","Up to $20,000 a year",1651164443.386981
Business Systems Analyst,SIS,"Austin, TX",Ability to elicit explicit and implicit requirements from business stakeholders.,1651164443.386981
BUSINESS INFORMATION ANALYST - TEXAS A&M COLLEGE STATION,SSC Services for Education,"College Station, TX 77843",Full-time,1651164443.386981
Sr Business Planning Analyst,Samsung Electronics,"Plano, TX 75023",Full-time,1651164443.386981
Business Applications Analyst,San Antonio Water System,"San Antonio, TX 78212",(River Road area),1651164443.386981
"Sr. Analyst, Business Control & Risk Management",Santander US,"Dallas, TX",+7 locations,1651164443.386981
Business Analyst - Capital Asset Planning,Schneider Electric,"Remote in Dallas, TX",Full-time,1651164443.386981
SR BUSINESS ANALYST - REMOTE,Selene Finance,"Remote in Dallas, TX 75225",+1 location,1651164443.386981
Business Analyst (Middle Office),Shell Energy Solutions,"The Woodlands, TX 77380",Estimated $65K - $82.4K a year,1651164443.386981
Technical Business Analyst,Shell Energy Solutions,"The Woodlands, TX 77380",Estimated $77.8K - $98.4K a year,1651164443.386981
Business Analyst,ShiftKey,"Irving, TX 75039","You possess strong skills in project management, business analysts tools such as Visio, Miro, Smartsheet, Jira, Asana.",1651164443.386981
Business Operations Analyst,Siemens,"Plano, TX 75024",Full-time,1651164443.386981
Supply Chain Business Analyst,Sika US,"Lewisville, TX 75056",Estimated $58.2K - $73.6K a year,1651164443.386981
Business Analyst,Simplex Info Systems,"Dallas, TX 75241",(South Dallas area),1651164443.386981
Associate Business Data Analyst,Simpson Strong-Tie,"McKinney, TX 75069",Full-time,1651164443.386981
Business Strategy Analyst,Smart Business Concepts,"Dallas, TX",Estimated $79.2K - $100K a year,1651164443.386981
Technical Business Analyst,Smartbridge,"Houston, TX 77040",Estimated $69.3K - $87.7K a year,1651164443.386981
Business Analyst – Product,SoHo Dragon,Remote in Texas,+2 locations,1651164443.386981
SAP HR & Payroll Functional & Business Analyst,SouthWest Water Texas,"Temporarily Remote in Sugar Land, TX 77478",Estimated $89K - $113K a year,1651164443.386981
IT Business Systems Analyst,Southern Methodist University,"Dallas, TX 75205",(Highland Park area),1651164443.386981
Business Analyst - Marketing,"Spark Energy, L.P.","Houston, TX",Estimated $58.1K - $73.5K a year,1651164443.386981
Business Analyst - Application Support ENDUR ETRM,Spire Inc.,"Houston, TX 77002",(Downtown area),1651164443.386981
Junior Business Analyst,Sport Clips - Support Center,"Georgetown, TX 78628","$45,000 - $55,000 a year",1651164443.386981
"Business Analyst, Operations Management",Stantec,"Hybrid remote in Austin, TX 78746",Full-time,1651164443.386981
Business Analyst,Stellantis Financial Services US,"Houston, TX 77057",(Galleria-Uptown area),1651164443.386981
"Data Analyst, Business Insights",Storable,"Remote in Austin, TX",Full-time,1651164443.386981
IT Business Analyst II - Fully Remote,Sunnova Energy Corp,"Remote in Houston, TX 77046",Estimated $69K - $87.4K a year,1651164443.386981
Full-time,Support business processes in Austin and around the globe as required.,This position is responsible for delivering and continuously improving business…,Posted14 days ago·More...,1651164443.386981
Full-time,Support business users in critical Period close processes.,Provide super users with additional training regarding Oracle EBS and business best practices.,Posted8 days ago·More...,1651164443.386981
Full-time,Support business users in critical Period close processes.,Provide super users with additional training regarding Oracle EBS and business best practices.,Posted8 days ago·More...,1651164443.386981
Full-time,Support business with customer-specific analytics for business reviews.,Support business decision making with sound analytics and communication.,Posted7 days ago·More...,1651164443.386981
"Business Analyst, Customer Service, Nominations and Scheduli...",TC Energy,"Hybrid remote in Houston, TX",Full-time,1651164443.386981
Business Systems Analyst -Entry Level,TRESUME,"Dallas, TX",$27 - $35 an hour,1651164443.386981
Digital Business Analyst,"TTI, INC.","Fort Worth, TX 76106",(Northside area),1651164443.386981
Business Systems Analyst,Talent Tigers,"Plano, TX",$28 - $30 an hour,1651164443.386981
Business Analyst,Talent Tigers,"Plano, TX",$30 - $33 an hour,1651164443.386981
Enterprise Project Management Business Analyst II,Tarrant County College,"Fort Worth, TX 76102",+1 location,1651164443.386981
ETL Business Data Analyst,TechOkaya,"Austin, TX",Estimated $78K - $98.8K a year,1651164443.386981
Junior Business Analyst (NO C2C),Techpoint LLC,"Dallas-Fort Worth, TX","$58,000 - $62,000 a year",1651164443.386981
Business Analyst,TekBoox,"Plano, TX",$75 - $80 an hour,1651164443.386981
Operations Business Analyst,Teladoc Health,"Lewisville, TX","$65,000 - $80,000 a year",1651164443.386981
"Business Coordination Analyst - Houston, Texas",Tenaris,"Houston, TX",Registers offers in TS transactional systems (Dynamics) and manages updates during the different stages of business.,1651164443.386981
Full-time,Testing business processes and recommending improvements.,Coordinate activities between IT and business units.,Assist in building custom reports and dashboards.,1651164443.386981
Business Analyst,Texas Born (TXB),"Spicewood, TX 78669",Estimated $53.7K - $68.1K a year,1651164443.386981
Dallas Business Banking Credit Risk Analyst,Texas Capital Bank,"Richardson, TX 75082",Full-time,1651164443.386981
Business Analyst,Texas Children's Hospital,"Houston, TX",Estimated $72.4K - $91.6K a year,1651164443.386981
Business Analyst III,Texas Department of Transportation,"Austin, TX","$59,004 - $96,720 a year",1651164443.386981
Enterprise IT Business Analyst II,Texas Tech University,"Lubbock, TX 79409",(South Overton area),1651164443.386981
22-67 Financial Systems Business Analyst (IT Business Analys...,Texas Water Development Board,"Hybrid remote in Austin, TX 78701","$4,302 - $6,000 a month",1651164443.386981
"Business Improvement Process Analyst (Austin, TX)","Thales DIS CPL USA, Inc.","Austin, TX 73301",(St Edwards area),1651164443.386981
IT Business Analyst,The Cervantes Group,"Dallas, TX",Estimated $71K - $89.8K a year,1651164443.386981
Sr. Business Analyst,The Crane Companies,"Houston, TX 77073",Estimated $77.9K - $98.7K a year,1651164443.386981
Business Analyst,The Dallas Express,"Dallas, TX 75254",(Far North area),1651164443.386981
Business Analyst 2,The Teltech Group,"Austin, TX",+1 location,1651164443.386981
BUSINESS ANALYST IV,The University of Texas Rio Grande Valley,"Edinburg, TX",Estimated $63.3K - $80.1K a year,1651164443.386981
Contract,This will also encompass business critical information aiding in decisions for business continuity.,This role can work remotely from anywhere within the U.S.,Posted25 days ago·More...,1651164443.386981
Business Operations Analyst,Thomson Reuters,"Hybrid remote in Carrollton, TX 75006",Minimum of 3 years working as a business analyst or in an operational leadership role.,1651164443.386981
"Business Analyst- (Oil, Gas & Energy)",Tiger Analytics,"Houston, TX",Estimated $72.5K - $91.7K a year,1651164443.386981
Business Analyst,"Tokyo Gas America, Ltd.","Hybrid remote in Houston, TX 77056","$61,660 - $144,445 a year",1651164443.386981
Business Systems Analyst,Tolko Industries,"Vernon, TX",Estimated $75.6K - $95.8K a year,1651164443.386981
New Business Analyst – Bass Pro Shops Financial Services,Toyota,"Plano, TX 75023","Support business growth through various opportunities, creating pathways and combatting roadblocks in the path to business enablement.",1651164443.386981
Sr. Business Planning Analyst,Toyota,"Plano, TX 75023",Knowledge of Toyota NA business operations.,1651164443.386981
Business Analyst,TrailStone Group,"Austin, TX 78746",(Barton Hills area),1651164443.386981
Business Analyst II,Travis County,"Austin, TX 78701",(Downtown area),1651164443.386981
"Principle Analyst, Business Systems",TriNet,"Remote in Austin, TX 78701",Estimated $64.1K - $81.1K a year,1651164443.386981
"IT Business Systems Analyst, Manufacturing",Trinity Industries,"Dallas, TX","Work with business stakeholders to understand business processes and elicit, define, and analyze business requirements.",1651164443.386981
"Business Analyst, Workforce Management",TripActions,"Dallas, TX",(Downtown area),1651164443.386981
Salesforce Business Analyst,Triumph Bancorp,"Coppell, TX",Estimated $74.4K - $94.2K a year,1651164443.386981
Business Continuity Analyst,Triumph Bancorp,"Dallas, TX",Estimated $68K - $86K a year,1651164443.386981
Salesforce Business Analyst,Triumph Business Capital,"Coppell, TX 75019",Estimated $74.4K - $94.2K a year,1651164443.386981
Business Continuity Analyst,Triumph Business Capital,"Dallas, TX",Estimated $68K - $86K a year,1651164443.386981
Business Analyst(W2 Position),Triunity Soft Solutions Inc.,"Austin, TX","$60,000 - $80,000 a year",1651164443.386981
Full-time,Troubleshoot business or system related issues.,Act as liaison between business and technical team members.,The BA will join agile software development teams to…,1651164443.386981
Business Analyst,Trust Consulting Services Inc.,"Austin, TX 73301",(St Edwards area),1651164443.386981
Sr. IT Business Systems Analyst,Twin Disc Incorporated,"Lufkin, TX",Estimated $92.5K - $117K a year,1651164443.386981
Business Analyst,"Twin Peaks | Twin Restaurant Holding, LLC","Dallas, TX 75254",(Far North area),1651164443.386981
Business Systems Analyst,UFCU,"Austin, TX 78759",(North Shoal Creek area),1651164443.386981
Business Applications Analyst I (Fidelity Deposit Applicatio...,USAA,"Remote in San Antonio, TX",Proposes changes to business processes to better align to business need.,1651164443.386981
Business Systems Analyst-Intermediate,UT Health Science Center at San Antonio,"San Antonio, TX 78229",Three (3) years of experience in a business environment is required.,1651164443.386981
Business Analyst -,UT Southwestern,"Dallas, TX 75390",(Design District area),1651164443.386981
"Business Analyst, Clinical & Translational Research",UT Southwestern,"Dallas, TX 75390",(Design District area),1651164443.386981
"Business Analyst, Finance","UTZ Brands, Inc","Greenville, TX 75402",Estimated $54.1K - $68.5K a year,1651164443.386981
Full-time,Understand and document business cases.,ARGO transforms business processes for financial service providers and healthcare organizations using proven business…,Posted23 days ago·More...,1651164443.386981
Business Analyst,Universal Weather and Aviation,"Remote in Houston, TX 77058",Estimated $81.6K - $103K a year,1651164443.386981
Business Operations Analyst,University of Houston-Clear Lake,"Houston, TX",Full-time,1651164443.386981
"Business Analyst, Department of Neurology, Dell Medical Scho...",University of Texas at Austin,"Remote in Austin, TX 78712",+2 locations,1651164443.386981
Business Analyst I- FMS,University of Texas at Dallas,Remote in Texas,+1 location,1651164443.386981
Systems Analyst II-Alvarez College of Business,University of Texas at San Antonio,"San Antonio, TX 78249","$48,000 - $52,000 a year",1651164443.386981
Business Analyst,Upen Group Inc,"Irving, TX 75038","$40,000 - $60,000 a year",1651164443.386981
Full-time,Urgently hiring,Hiring multiple candidates,3-4+ years’ experience creating business cases and documenting business processes.,1651164443.386981
Contract,Urgently hiring,"As a certified SAP Partner, Madiba is at the forefront of SAP s latest technology roadmap to transform and simplify complex business processes.",Posted3 days ago·More...,1651164443.386981
Full-time,Urgently hiring,Experience with dealership-type businesses.,Prioritizing initiatives based on business needs and requirements.,1651164443.386981
Full-time,Urgently hiring,Hiring multiple candidates,"\* Experience in business process definition, requirement definition.",1651164443.386981
"Marketplace Operations, Business Process Analyst - Opportuni...",VMware,"Remote in Dallas, TX",+1 location,1651164443.386981
Quality Analyst 3 - Integrated Business Testing - Opportunit...,VMware,"Remote in Dallas, TX",+1 location,1651164443.386981
Business Intelligence Analyst,"Valor Healthcare, Inc.","Dallas, TX 75254",(Far North area),1651164443.386981
"Business Systems, Analyst",Vercel,"Remote in Dallas, TX",Estimated $88.9K - $113K a year,1651164443.386981
Business Systems Analyst_IT,Versant Health,"Remote in San Antonio, TX 78205",Estimated $78.6K - $99.6K a year,1651164443.386981
Business Analyst,Virtusa,"Irving, TX",Full-time,1651164443.386981
Business Continuity Analyst,Visa,"Austin, TX",Full-time,1651164443.386981
Business Process Optimization Analyst,Visa,"Austin, TX",Full-time,1651164443.386981
Client Care Business Program Analyst,Visa,"Austin, TX",Full-time,1651164443.386981
Quality Assurance Analyst / Technology Business Systems Asso...,WELLS FARGO BANK,"Irving, TX",Full-time,1651164443.386981
Business Development Analyst,"WP&G Holdings, LLC dba Mega Energy","Sugar Land, TX 77479","$40,000 - $60,000 a year",1651164443.386981
Digital Business Analyst III,Waste Management,"Houston, TX 77002",(Downtown area),1651164443.386981
SFDC Marketing Cloud Business Analyst IV,Waste Management,"Houston, TX 77002",(Downtown area),1651164443.386981
Business System Analyst,Waukesha Pearce Industries,"Houston, TX 77035",(Willowbend area),1651164443.386981
Business Management Analyst III (ED),Waukesha Pearce Industries,"Houston, TX 77035",(Willowbend area),1651164443.386981
Business System Analyst,"Waukesha-Pearce Industries, LLC","Houston, TX 77235",(Meyerland area),1651164443.386981
Business Management Analyst III (1885),"Waukesha-Pearce Industries, LLC","Houston, TX 77235",(Meyerland area),1651164443.386981
Business Banking Complaints & Escalations Phone Analyst,Wells Fargo,"San Antonio, TX 78251",Full-time,1651164443.386981
Business Analyst,Westrock,"Mesquite, TX 75149",+1 location,1651164443.386981
Center Store Business Analyst,Whole Foods Market,"Austin, TX 78703",(Downtown area),1651164443.386981
"Business Systems Analyst (BA), Retail Operations",Whole Foods Market,"Austin, TX 78703",(Downtown area),1651164443.386981
Full-time,Will work closely with business leaders in support of the BC Program.,"Assist departments with the development, testing and updating of their business continuity…",Posted1 day ago·More...,1651164443.386981
Full-time,Will work closely with business leaders in support of the BC Program.,"Assist departments with the development, testing and updating of their business continuity…",Posted1 day ago·More...,1651164443.386981
Business Analyst 2,Willis Towers Watson,"Houston, TX 77002",(Downtown area),1651164443.386981
Business Analyst,Wipro Limited,"Dallas, TX",+1 location,1651164443.386981
Business Systems Analyst II,Woodforest National Bank,"The Woodlands, TX 77380",(Grogan's Mill area),1651164443.386981
Full-time,Work experience as a data analyst or in related field.,"Demonstrates an ability to translate business requirements into non-technical, layman’s terms.",Posted12 days ago·More...,1651164443.386981
Full-time,"Work with business users for continuous improvement of existing dashboards, reports and datasets.",Bachelor's degree in business analytics area or closely…,Posted8 days ago·More...,1651164443.386981
Space Tourism - Business Analyst,World View,"Austin, TX",Estimated $82.7K - $105K a year,1651164443.386981
Business Analyst,XIFIN,"Irving, TX 75039",Estimated $79.5K - $101K a year,1651164443.386981
Full-time,Your direct manager will be a corporate-level executive in one functional area of the business.,"By interfacing extensively with executives, operational managers…",Posted5 days ago·More...,1651164443.386981
BUSINESS ANALYST II,Zachry Group,"San Antonio, TX 78221",Estimated $75.5K - $95.5K a year,1651164443.386981
"Marketing & Business Development Operations Analyst, II",Zebra Technologies,"Frisco, TX 75034",Full-time,1651164443.386981
Sr. Salesforce Business System Analyst (Salesforce CRM),Zscaler,"Remote in Austin, TX",+1 location,1651164443.386981
Sr. Salesforce Business System Analyst (Salesforce CRM),Zscaler,"Remote in Dallas, TX",+1 location,1651164443.386981
Business Systems Analyst,defi SOLUTIONS,"Westlake, TX 76262",+1 location,1651164443.386981
Business Analyst - Partner Outreach and Engagement,findhelp,"Austin, TX",Estimated $51.5K - $65.1K a year,1651164443.386981
Business Analyst -- Anti-Money Laundering (AML),nFolks Ltd,"Remote in Dallas, TX",Estimated $88.7K - $112K a year,1651164443.386981
Sr Business Analyst - Financial Services,projekt202,"Remote in Dallas, TX",Estimated $83.9K - $106K a year,1651164443.386981
Digital Security Business Analyst,prosource.it,"Houston, TX 77024",(Memorial area),1651164443.386981
Business Analyst,umlaut North America,"Dallas, TX 75234",Full-time,1651164443.386981
Business Data Analyst with ETL/ BI experience (Day 1 onsite),zettalogix.Inc,"Austin, TX",$40 - $60 an hour,1651164443.386981
