Position,Company Name,Location
"Associate Project Manager, R&D",Abbott,"Irving, TX"
"Associate Project Manager, Electro-Mechanical Devices",Abbott,"Irving, TX"
Senior Software QA Engineer,ABC Fitness Solutions,Remote
Sr. Manager of Quality Assurance,ABC Fitness Solutions,Remote
Email Marketing Specialist Contractor,Academic Partnerships,"Dallas, TX"
Salesforce QA Automation Engineer - 4156621,Accenture,"Dallas, TX"
Salesforce QA Automation Engineer - 4156621,Accenture,"Irving, TX"
Salesforce QA Consultant,Accenture,"Plano, TX"
Front End Developer,Acoustic,Remote
Senior Site Reliability Engineer,Acoustic,Remote
Sr. QA Automation Engineer (East Coast),Acuant,Remote
Lead Automation Engineer Job,Acuity Brands,Remote
Senior Software Development Engineer in Test,Adaptive Biotechnologies Corp.,Remote
System Administrator,AdMedia.,Remote
QA Test Automation Architect,Adra,Remote
Dev Ops Engineer,Adra,Remote
Sr IT Engineer,Adtalem Global Education,Remote
"Sr. Performance Analyst (Remote), Clinical Analytics",Adventist Health,NAMER
IT Project Manager - Financial Systems,Aimbridge Hospitality,"Plano, TX"
Solutions Consultant,Airship,Remote
RCO Projects Lead,AKASA,Remote
QA Automation Engineer,Albertsons Companies,"Arlington, TX"
Unica Campaign Developer,"Alleare Consulting, LLC.","Arlington, TX"
Unica Campaign Developer,"Alleare Consulting, LLC.","Dallas, TX"
Unica Campaign Developer,"Alleare Consulting, LLC.","Fort Worth, TX"
Web QA Analyst - No Sponsorship - Remote,Allied Electronics & Automation,"Fort Worth, TX"
Software Engineer - No Sponsorship - Remote,Allied Electronics & Automation,"Fort Worth, TX"
Modernization QA Performance Engineer 2,Ally,Remote
Modernization QA Performance Engineer,Ally,Remote
Quality Assurance Automation Lead,Alogent,Remote
Quality Assurance Tester,Alto,Dallas-Fort Worth Metroplex
QA Automation Engineer,Alto,Remote
Senior QA Automation Engineer,Alto,Remote
Junior QA Engineer - REMOTE,"Alvaria, Inc.",Remote
Principal Cloud Services Engineer,"Alvaria, Inc.",Remote
"Contact Center System Administrator - (Remote, US)",AM LLC,Remote
QAE II- TAA Tech,Amazon,"Dallas, TX"
"Lead Test Architect, Annapurna Labs, Machine Learning Accelerators",Amazon,Remote
Sr. Quality Assurance Engineer,Amazon,Remote
Quality Assurance Engineer II,Amazon,Remote
"Digital Marketing Manager, Training and Certification, Training & Certification Marketing",Amazon Web Services (AWS),"Dallas, TX"
"Digital Marketing Manager, Global Campaigns",Amazon Web Services (AWS),Remote
ETL QA Test Engineer,American AgCredit,Remote
"Data Developer, Reporting",American Heart Association,"Dallas, TX"
Associate Software Engineer in Test - Data Quality (Remote),American Specialty Health,Remote
QA Engineer I,AMISEQ,"Frisco, TX"
Data Coordinator (Contract),Amplify,Remote
"Digital Marketing Coordinator, ELA",Amplify,Remote
QA Automation Engineer,Anelto,"The Colony, TX"
QA Engineer,Apex Systems,"Dallas, TX"
Sr. Informatica Admin,Apex Systems,"Dallas, TX"
QA Automation Software Engineer,Apex Systems,"Farmers Branch, TX"
Test Automation architect,Apex Systems,"Plano, TX"
Automation Testing,"AppLab Systems, Inc","Dallas, TX"
Sr. Information Security Engineer,Applied Systems,"Dallas County, TX"
Sr. Information Security Engineer,Applied Systems,"Dallas, TX"
Sr. Information Security Engineer,Applied Systems,Remote
Sr. QA Automation Engineer (Mobile),AppLovin,"Dallas, TX"
ERP Test Manager,Apptad Inc.,Remote
Quality Assurance Specialist,Archive360,Remote
Intermediate Software QA Analyst - PWD,ArcTouch,Remote
Intermediate Software QA Analyst,ArcTouch,Remote
CRM Marketing Specialist,"Arlington, TX",On-site
Principal Email Marketing,"Arlington, TX",On-site
"Quality Engineer, Automation (Remote)",ASICS Digital,Remote
"Lead Engineer, Salesforce Service Cloud (Remote)",ASICS Digital,Remote
"Lead Engineer, Salesforce Service Cloud (Remote) - Contract",ASICS Digital,Remote
"Software Engineer, Mobile",AtoB,Remote
Jr Peoplesoft Developer - REMOTE,Atrilogy Solutions Group,Remote
Salesforce Administrator - REMOTE,Atrilogy Solutions Group,Remote
100% Remote : Cloud Infrastructure Architect,Atrilogy Solutions Group,Remote
PeopleSoft HR Developer - Remote,Atrilogy Solutions Group,Remote
Data Scientist - 100% REMOTE,Atrilogy Solutions Group,Remote
Business Intelligence Reporting Analyst,Atrilogy Solutions Group,Remote
"Development Manager, Solutions Architect",Atrilogy Solutions Group,Remote
Sr. Incident Response Engineer,Atrilogy Solutions Group,Remote
100% Remote Direct Hire Frontend Engineer (ELM),Atrilogy Solutions Group,Remote
ETL Developer (REMOTE),Atrilogy Solutions Group,Remote
Endur Developer,Atrilogy Solutions Group,Remote
Senior DevOps Engineer,Atrilogy Solutions Group,Remote
QA Engineer (Remote),Augeo,Remote
Senior QA Engineer,Aurora Solar,Remote
Manager Quality Engineering,Avanade,"Dallas, TX"
Quality Assurance Specialist,AVB Marketing,"Dallas, TX"
Senior QA Automation Engineer,Avesta Computer Services,Remote
(100% Remote ) Senior Quality Assurance Automation Engineer (Saas Product),Avesta Computer Services,Remote
Quality Assurance Automation Engineer,Avetta,Remote
QA Tester,Axelon Services Corporation,"Irving, TX"
QA Automation Engineer,Axxess,"Dallas, TX"
Ecommerce Listing Specialist,B-Stock Solutions,Remote
Cloud Testing Quality Engineer - Core technology Infrastructure,Bank of America,"Addison, TX"
Senior QA Automation Specialist,Bank of America,"Plano, TX"
App Test - QA ETL,Bank of America,"Plano, TX"
Application Security Automation Engineer - Core Technology Infrastructure,Bank of America,"Richardson, TX"
Salesforce QA Engineer,Bankers Healthcare Group,"Dallas, TX"
Senior Software Development Engineer In Test (SDET),Bankers Healthcare Group,Remote
Quality Assurance Manager,Bankjoy,Remote
Project Engineer (Software),Bastian Solutions,Remote
Learning Operations Specialist - Remote,Becker Professional Education,Remote
QA Automation Engineer,Bestow Life Insurance,Remote
QA Manager,Beyond Finance,Remote
Developer - Websites & Marketing Optimization,Bisk,Remote
Software Engineer in Test,Bloomerang,Remote
"SDET, Backend [Remote]","BlueOwl, LLC",Remote
Marketing Operations Sr. Associate,Bolt,Remote
"Marketing Operations Manager, B2C",Bolt,Remote
Quality Assurance | Manual,"Bottle Rocket, an Ogilvy Experience Company","Dallas, TX"
Quality Assurance Engineer | Automation,"Bottle Rocket, an Ogilvy Experience Company","Dallas, TX"
Senior QA Engineer,Bounteous,Remote
Senior QA with PyTest Experience (Remote),Brahma Consulting Group,Remote
ETL Developer,Bravo Technical Resources,"McKinney, TX"
QA Manager (US Cit/GC ONLY),BravoTECH,"Dallas, TX"
SQL DBA,BravoTECH,"McKinney, TX"
ETL Developer,BravoTECH,"McKinney, TX"
Senior QA Analyst - Backfill Angela,BravoTECH,"Plano, TX"
Sr. Site Reliability Engineer,BravoTECH,"Richardson, TX"
QA Engineer,Brightside,Remote
Software Development Engineer In Test - QA,Briq,Remote
Mainframe Software Engineer,Broadcom Inc.,"Plano, TX"
Data Warehouse Engineer,Brooksource,"Richardson, TX"
Senior Software Automation Engineer -427,Bullhorn,Remote
QA Claims Analyst,Burgess,Remote
QA Engineer (Workspace Anywhere),Businessolver,Remote
QA Engineer,Buyers Edge Platform,NAMER
QA Automation Engineer,Calibrate,Remote
Senior Automation Engineer (Mobile),Calibrate,Remote
Quality Assurance Inspector,Callaway Golf,"Fort Worth, TX"
Sr Devops Engineer,Cambium Assessment,Remote
Quality Assurance Automation Engineer,Cambium Assessment,Remote
DevOps Software Engineer,Cambium Assessment,Remote
"Manager, Mobile Engineering",Cambium Assessment,Remote
Functional Tester with Payment Gateway experience,Capgemini,"Dallas, TX"
"Senior Associate, Brand",Capital One,"Plano, TX"
Quality Assurance Analyst II,"Car Capital Technologies, Inc.","Grapevine, TX"
Quality Assurance Automation Engineer,"Car Capital Technologies, Inc.","Grapevine, TX"
QA Intern,CardFree,Remote
Software Quality Assurance Automation Engineer | Remote,"Cardinal Financial Company, Limited Partnership",Remote
QA Engineer I,Catalyst Health Group,"Plano, TX"
Quality Assurance Manager,Centerbase,Dallas-Fort Worth Metroplex
Manual QA Test Engineer,Centerbase,Dallas-Fort Worth Metroplex
"Cybersecurity Engineer, Rate-Open, Duration: Fulltime","Centizen, Inc.","Dallas, TX"
Python Developer - Remote,CentralSquare Technologies,Remote
Cloud Developer in Test - Remote,CentralSquare Technologies,Remote
Software Developer in Test - Remote,CentralSquare Technologies,Remote
"Sr. Manager, Retention Marketing",Cerebral,"Dallas, TX"
QA Engineer,Chainlink Labs,Remote
"Senior Specialist, Operational Risk Testing, Data Risk",Charles Schwab,"Westlake, TX"
Sr. QA Engineer,Charles Schwab,"Westlake, TX"
QA Engr Mid-level (Software Dev II),Charles Schwab,"Westlake, TX"
Sr. SDET,Charles Schwab,"Westlake, TX"
Salesforce Application Engineer,Charles Schwab,"Westlake, TX"
Mobile Software Developer in Test,Charles Schwab,"Westlake, TX"
Software Development Engineer in Test (SDET),Charles Schwab,"Westlake, TX"
Software Developer Senior,Charles Schwab,"Westlake, TX"
"Specialist, Software Developer - Salesforce Developer (Marketing Cloud)",Charles Schwab,"Westlake, TX"
Senior SDET,Charles Schwab,"Westlake, TX"
Sr. Manager Software Development,Charles Schwab,"Westlake, TX"
Sr. Salesforce Application Engineer,Charles Schwab,"Westlake, TX"
"Senior Manager, Software Development Engineer in Test (SDET)",Charles Schwab,"Westlake, TX"
Senior Salesforce Marketing Cloud Engineer,Charles Schwab,"Westlake, TX"
Senior QA Automation Engineer,Chartboost,Remote
CI/CD Developer,choreograph,"Dallas, TX"
Senior Quality Assurance Engineer,CLA (CliftonLarsonAllen),"Dallas, TX"
QA Engineer,Clair,Remote
Senior Data Engineer,Clarify Health Solutions,Remote
Quality Assurance Analyst,ClarisHealth,Remote
Test Automation Specialist,Clarity Technology Partners,"Plano, TX"
Cloud Architect with Security Clearance,ClearanceJobs,"Fort Worth, TX"
Quality Assurance Lead,ClearGov,Remote
QA Automation Tester,Cognizant,"Coppell, TX"
QA Automation Tester,Cognizant,"Dallas, TX"
Entry-level Quality Engineer,Cognizant,"Dallas, TX"
WMS QA Analyst,Cognizant,"Dallas, TX"
Senior QA Analyst,Cognizant,"Dallas, TX"
WMS QA Lead,Cognizant,"Plano, TX"
QA Lead,Cognizant,"Plano, TX"
Quality Assurance Analyst (QA Analyst),Collabera Inc.,"Addison, TX"
QA Analyst -AUTOMATION,Collabera Inc.,"Dallas, TX"
Infrastructure Project Manager,Collabera Inc.,"Dallas, TX"
QA Engineer - Remote,Collabera Inc.,"Plano, TX"
Associate Production Engineer II (NOC),Collibra,"Dallas, TX"
Senior QA Analyst,CommentSold,Remote
Email Marketing Production Specialist,Common Thread Collective,Remote
Staff Quality Analyst - Remote,Community Brands,Remote
Staff Quality Analyst,Community Brands,Remote
Software Engineer in Test - Transaction Management Platform,Compass,Remote
Operations Engineer,"Computrition, Inc.",Remote
Mobile Appium Test Automation,Concept Software & Services Inc,"Carrollton, TX"
"Sr. Test Automation Engineer (C#.NET, Selenium â€“ WebDriver Env./Exp.) (Mobile Experitestâ€™s SeeTest Exp. Preferred) (100% Remote) - Contract to hire",Conexess Group,"Allen, TX"
QA Automation Engineer (Codefi),ConsenSys,NAMER
QA Automation Lead,"ConsumerTrack, Inc.",Remote
Sr. Software QA Automation Engineer,"ConsumerTrack, Inc.",Remote
QA Automation Lead,"Continental Technology Solutions,Inc","Plano, TX"
QA Intern,Copart,"Dallas, TX"
Jr. Software QA Engineer,Copart,"Dallas, TX"
Software QA Engineer,Copart,"Dallas, TX"
QA Intern - OPS,Copart,"Dallas, TX"
"Professional, Geospatial Operations",CoreLogic,"Irving, TX"
"Sr. Professional, Analytics Quality Assurance (QA)",CoreLogic,"Irving, TX"
Software Engineer,CoreLogic,"Irving, TX"
QA Lead - Labs,Corporate Brokers,"Dallas, TX"
SDET - eCom Development,Costco IT,"Dallas, TX"
SDET - eCom Order Management,Costco IT,"Dallas, TX"
Quality Engineer - Identity Access Management,Costco IT,"Dallas, TX"
SDET - eCommerce Order Management,Costco IT,"Dallas, TX"
Senior Software Development Engineer in Test,Cotiviti,Remote
QA Automation Engineer II,Cottonwood Financial,"Irving, TX"
Solutions Architect,Cottonwood Financial,"Irving, TX"
Data QA Analyst,Cottonwood Financial,"Irving, TX"
Senior Quality Assurance Engineer,Cottonwood Financial,"Irving, TX"
Quality Assurance Engineer II,Cottonwood Financial,"Irving, TX"
Scrum Master - Remote,Crowley,Remote
Principal Software Development Engineer in Test (SDET),Crux,Remote
"Senior Analyst, Quality Assurance",CVS Health,"Richardson, TX"
QA Engineer Senior Manager,CVS Health,"Richardson, TX"
"Senior Analyst, QA Engineer",CVS Health,"Richardson, TX"
Lead Software Development Engineer in Test,CVS Health,"Richardson, TX"
Quality Assurance - Senior Analyst,CVS Health,Remote
"Manager, Web Engineering",CVS Health,Remote
QA Automation Engineer - MUST RESIDE IN THE UNITED STATES - Remote,CY9,"Dallas, TX"
Email Marketing Specialist,Dallas Market Center,"Dallas, TX"
QA Analyst,"Dallas, TX","Medical, Dental"
QA Automation Engineer II,"Dallas, TX","Medical, Vision, Dental, 401(k), +3 benefits"
Solutions Architect,"Dallas, TX","Medical, Vision, Dental, 401(k), +3 benefits"
QA Engineer Onsite,"Dallas, TX",On-site
COBOL Developer - Life Insurance & Annuities,"Dallas, TX",On-site
Sr. Operations Analyst- Managed Account Trading,"Dallas, TX",On-site
"Job title: Automation QA Lead -- Location: Dallas,TX -- Duration: Long term",DATA WAVE TECHNOLOGIES INC,"Dallas, TX"
"Job title: Automation QA Lead || Location: Dallas,TX || Duration: Long term",DATA WAVE TECHNOLOGIES INC,"Dallas, TX"
"TWO DevOps Engineer (AWS, Kubernetes, CI-CD Platforms, Cloud, Large Scale Environments, SaaS Background) - 100% Remote",DBA Web Technologies,Remote
Senior Quality Engineer- Automation,"Delectus, Recruitment Process Outsourcing",Remote
"QA Automation Engineer, Core Infrastructure",Delphix,Remote
Email Marketing Specialist,Detour,Remote
Selenium C# Test Automation Engineer - Remote,Dice,"Allen, TX"
Software Developer In Test - Mid-Level,Dice,"Allen, TX"
Senior QA Automation Lead,Dice,"Coppell, TX"
Senior Quality Analyst / Automation Tester,Dice,"Coppell, TX"
Test Automation Engineer,Dice,"Coppell, TX"
Vulnerabilities AppSec Security Implementation Lead,Dice,"Coppell, TX"
Lead Systems Engineer (Dallas/Tampa- Hybrid)-IBM BPM and WebSphere Portal,Dice,"Coppell, TX"
Senior Software Engineer,Dice,"Coppell, TX"
QA Automation Analyst,Dice,"Dallas, TX"
QA Automation,Dice,"Dallas, TX"
QA Automation Engineer/SDET,Dice,"Dallas, TX"
WMS QA Tester,Dice,"Dallas, TX"
QA Automation Tester with Healthcare Experience,Dice,"Dallas, TX"
"Job title: Automation QA Lead || Location: Dallas,TX || Duration: Long term",Dice,"Dallas, TX"
QA Automation Engineer with ServiceNow,Dice,"Dallas, TX"
Business Analyst/Technical Trainer,Dice,"Dallas, TX"
QA Lead with SEO,Dice,"Dallas, TX"
Remote Senior QA Automation Test Engineers,Dice,"Dallas, TX"
Automation Tester with SFDC,Dice,"Dallas, TX"
QA LEAD( TOSCA),Dice,"Dallas, TX"
"Automation Test Engineer(Selenium, Cucumber)",Dice,"Dallas, TX"
Remote QA Automation Test Manager,Dice,"Dallas, TX"
API Automation,Dice,"Dallas, TX"
QA Lead with API/Web service testing || 100% Remote || Full Time,Dice,"Dallas, TX"
Project Manager,Dice,"Dallas, TX"
"Cybersecurity Engineer, Rate-Open, Duration: Fulltime",Dice,"Dallas, TX"
SAP Test Lead,Dice,"Dallas, TX"
Automation Testing,Dice,"Dallas, TX"
Salesforce Platform QA,Dice,"Dallas, TX"
Automation QA Lead (Java and Selenium),Dice,"Dallas, TX"
QA Manager/ REMOTE - (Automation/Selenium),Dice,"Dallas, TX"
Content Developer/Technical Producer,Dice,"Dallas, TX"
"Senior Manager, Quality Engineering",Dice,"Dallas, TX"
Senior Developer (.Net Core/Cloud),Dice,"Dallas, TX"
Functional Tester,Dice,"Dallas, TX"
Salesforce Functional Tester,Dice,"Dallas, TX"
Salesforce Functional Tester/Salesforce Tester/Salesforce QA/Salesforce QA Lead,Dice,"Dallas, TX"
Sr QA Automation Engineer,Dice,"Farmers Branch, TX"
QA Automation Engineer,Dice,"Flower Mound, TX"
QA Analyst(10+ years local candidates are highly desired),Dice,"Fort Worth, TX"
QA Analyst,Dice,"Fort Worth, TX"
QA Engineer,Dice,"Frisco, TX"
QA Project Manager,Dice,"Irving, TX"
QA Automation Engineer,Dice,"Irving, TX"
MySQL DBA,Dice,"Irving, TX"
Backend Test Engineer,Dice,"Irving, TX"
Sr. Devops Engineer,Dice,"Irving, TX"
Loans Automation Engineer,Dice,"Irving, TX"
Loan QA Engineer,Dice,"Irving, TX"
Senior QA Automation Engineer,Dice,"Irving, TX"
Quality Assurance,Dice,"Irving, TX"
QA Automation Lead,Dice,"McKinney, TX"
QA Analyst,Dice,"Plano, TX"
Sr QA (Automation),Dice,"Plano, TX"
QA Engineer - Remote,Dice,"Plano, TX"
Test Automation Architect,Dice,"Plano, TX"
Test Automation architect,Dice,"Plano, TX"
Level 2 Software Engineer (SQL Developer) | 307988,Dice,"Plano, TX"
Test Architect,Dice,"Plano, TX"
Level 3 Software Engineer (SQL Developer) | 307990,Dice,"Plano, TX"
SDET/QA Automation Engineer,Dice,"Richardson, TX"
PEGA Tester,Dice,"Richardson, TX"
PEGA Tester || Richardson TX,Dice,"Richardson, TX"
Manual QA Analyst(Web/Mobile),Dice,"Richardson, TX"
Web / Mobile Manual Tester,Dice,"Richardson, TX"
Full Stack Software Engineer,Dice,"The Colony, TX"
QA Automation Tester,Dice,Remote
QA Engineer,Dice,Remote
QA Automation tester 2+ years needed (Any VISA),Dice,Remote
QA Automation Lead (Swift & Payment process),Dice,Remote
QA Automation Analyst (Junior/Mid),Dice,Remote
QA Automation + Mobile Tester,Dice,Remote
QA Tester,Dice,Remote
QA Analyst,Dice,Remote
Salesforce QA,Dice,Remote
Reporting Analytics/ Reporting analyst/ Qa analyst/ Qa reporting/ Genesys Qa/ Genesys reporting qa,Dice,Remote
Mobile Automation QA,Dice,Remote
Senior QA Automation Engineer,Dice,Remote
Urgently Hiring - Test Automation Architect - Remote,Dice,Remote
QA Automation Analyst,Dice,Remote
Automation QA Architect,Dice,Remote
QA Consultant,Dice,Remote
Automation Tester_100% Remote,Dice,Remote
QA Automation,Dice,Remote
QA/BA Analyst,Dice,Remote
Direct End Client - Backfill - Sr. SDET / QA Automation - 100% Remote - Linkedin Required - 12 + Years (Insurance/FInance Backround),Dice,Remote
Hybris QA,Dice,Remote
"Software Configuration Management Engineer/full stack developer (Location OR, TX, SC or AZ)",Dice,Remote
"Direct End Client Sr. PEGA SDET/ Sr, PEGA QA - 100% Remote",Dice,Remote
Information Security QA Specialist,Dice,Remote
SDET QA Consultant,Dice,Remote
QA Analysts with AWS connect,Dice,Remote
QA Automation tester ( Selenium) - 100% Remote,Dice,Remote
REMOTE - QA Automation (SDET) Test Engineer,Dice,Remote
Sr. Automation QA Analyst,Dice,Remote
QA Analyst - REMOTE,Dice,Remote
QA Automation with Ruby,Dice,Remote
Sr. QA Automation,Dice,Remote
Immediate hire for SDET role at Remote for Contract,Dice,Remote
Functional Tester- REMOTE- SECRET Clearance,Dice,Remote
QA Automation Engineer,Dice,Remote
QA /API Automation Tester -Remote /Internal projetct,Dice,Remote
Security & Performance Tester,Dice,Remote
Automation Tester (Remote Opportunity),Dice,Remote
Lead QA Engineer (live anywhere) - BHJOB2052_18436,Dice,Remote
QA Automation Engineer with Salesforce Testing,Dice,Remote
QA Automation Engineer (Cypress),Dice,Remote
QA Automation Engineer- Remote,Dice,Remote
QA Developer,Dice,Remote
Sr QA,Dice,Remote
Quality Analyst,Dice,Remote
Quality and Performance Analyst,Dice,Remote
QA/Automation Test Engineer(Remote),Dice,Remote
SDET,Dice,Remote
Senior QA Automation Developer,Dice,Remote
BA/QA - Life & Annuity,Dice,Remote
QA Engineer I,Dice,Remote
QA Automation Engineer - REMOTE to start,Dice,Remote
QA Analyst with Cypress,Dice,Remote
Dynatrace Admin,Dice,Remote
QA/Test Lead,Dice,Remote
Salseforce QA Automation Engineer,Dice,Remote
Hot C2C opening for SDET - Remote Role,Dice,Remote
SDET/ Automation QA,Dice,Remote
QA with API/Web service testing,Dice,Remote
ETL Tester,Dice,Remote
SDET or QA Automation Engineer Selenium / Java - REMOTE en MEXICO,Dice,Remote
Test Management Tools Specialist,Dice,Remote
Automation Architect,Dice,Remote
QA Automation Tester (#R000728723#),Dice,Remote
QA Automation Test Engineer (OOP Background),Dice,Remote
QA Selenium Tester with AWS,Dice,Remote
Intern Manual Tester,Dice,Remote
Software QA Automation Engineer,Dice,Remote
ETL QA Lead,Dice,Remote
Automation QA Engineer,Dice,Remote
QA Database Test Lead,Dice,Remote
QA Engineering Manager/ QA Test Manager,Dice,Remote
RPA Business Analyst,Dice,Remote
Security Quality Assurance Specialist,Dice,Remote
Manual QA Engineer,Dice,Remote
Sr. Test automation resource,Dice,Remote
Build Release Engineer,Dice,Remote
RPA Developer- Automation Anywhere,Dice,Remote
Python Developer,Dice,Remote
Software QA (Drilling Industry Experience Required),Dice,Remote
Sr Automation Specialist,Dice,Remote
QA Analyst (C# with Selenium and Azure),Dice,Remote
Sr. QA Automation Engineer,Dice,Remote
QA Automation Engineer SDET,Dice,Remote
DevOps / AWS Engineer,Dice,Remote
"Automation QA Engineer, Cypress",Dice,Remote
Interviews Started: ETL Tester,Dice,Remote
QA Automation Engineer/Lead // REMOTE,Dice,Remote
Software QA Engineer (Python),Dice,Remote
Powerbi/ java/websphere/iib/.net/reactjs/delboomi/qa automation,Dice,Remote
QA Manager/Coordinator - 9+ RTH - 100% Remote - No Offshore,Dice,Remote
Test Automation Engineer,Dice,Remote
Operation Lead,Dice,Remote
Java Developer,Dice,Remote
Cloud DevOps Engineer,Dice,Remote
QA Test Lead/Manager,Dice,Remote
QA Test Lead- REMOTE,Dice,Remote
Tableau BI Developer(Visa :),Dice,Remote
Microsoft Dynamics 365 / Power Apps Developer,Dice,Remote
Software QA Analyst - Accessibility Testing,Dice,Remote
SOA Automation Tester,Dice,Remote
Senior Manual QA Test Engineer,Dice,Remote
"CAD Librarian (Open for locations: AZ, TX, CA, OR)",Dice,Remote
Senior QA with PyTest Experience (Remote),Dice,Remote
"ServiceNow Tester _ 2 positions in New York, NY Rate : $60/hr or more",Dice,Remote
QA Lead,Dice,Remote
Lead QA Engineer,Dice,Remote
Software QA Analyst Contractor,Dice,Remote
Tableau BI Developer,Dice,Remote
Sr.QA Automation Engineer,Dice,Remote
Tableau BI Developer (Remote Position),Dice,Remote
Senior IT Quality Assurance Analyst,Dice,Remote
IOS Application Engineer,Dice,Remote
IVR Tester - Remote --- 7+ years experience,Dice,Remote
Genesys Support positions - Remote -- 7+ experience,Dice,Remote
Senior QA Engineer,Dice,Remote
SDET Automation Tester- Direct Client Requirement,Dice,Remote
Senior Software QA Test Analyst - CRM,Dice,Remote
QA / Selenium with heavy Java background _ 8+ years experience ((No c2c)),Dice,Remote
QA Lead With APIs/Webservices/IOS,Dice,Remote
Quality Engineer,Dice,Remote
Senior Quality Assurance Analyst - Remote,Dice,Remote
Senior QA Engineer - Remote,Dice,Remote
QA Lead with API/Web service testing,Dice,Remote
Google Cloud Architect,Dice,Remote
"TWO DevOps Engineer (AWS, Kubernetes, CI-CD Platforms, Cloud, Large Scale Environments, SaaS Background) - 100% Remote",Dice,Remote
Opening for Oracle Applications Developer - 100% Remote,Dice,Remote
QA Lead with iOS mobile testing,Dice,Remote
"Sr. QA Engineer (Urgent Direct Hire, Direct Client Requirement!!!)",Dice,Remote
QA Manager,Dice,Remote
Jira Align Sr Consultant,Dice,Remote
GTRI Tableau BI Developer,Dice,Remote
Senior QA Engineer with C++,Dice,Remote
Software QA Engineer,Dice,Remote
Senior Engineer Testing Automation,Dice,Remote
Software QA Engineer Tester || 100% Remote,Dice,Remote
QUALITY ENGINEER,Dice,Remote
Sr QA Automation Engineer - 100% Remote,Dice,Remote
Active Directory security engineer,Dice,Remote
Urgent openings for Position : Tech lead - BI Analytics role : Remote - Long term project,Dice,Remote
Dev ops Engineer,Dice,Remote
"Application Engineer, Atlassian Administrator",Dice,Remote
"QA Lead (ETL, Dashboards)",Dice,Remote
Python Scripting Engineer,Dice,Remote
SAP QA Lead,Dice,Remote
Tableau BI Developer-100% Remote-USC-State of Georgia,Dice,Remote
Direct client role: Sr Automation Engineer with 3+ years C# .Net experience :: 100% Remote :: 6+ months contract,Dice,Remote
Sr. Lead QA Automation Engineer,Dice,Remote
DevOps Lead,Dice,Remote
Big Data Engineer,Dice,Remote
AWS DevOps,Dice,Remote
DevOps Engineering,Dice,Remote
DevOps Engineer,Dice,Remote
Mobile Automation Engineer,Dice,Remote
Senior Software QA Specialist (remote),Dice,Remote
Manual QA Engineer #1870,Dice,Remote
Quality Assurance Test Manager,Dice,Remote
"Manager, Front End Development",Dice,Remote
Sr. QA Lead(Healthcare) required for Contract To Hire Remote Project,Dice,Remote
Lead SQA Analyst,Dice,Remote
Application Engineer,Dice,Remote
Sr. QA Lead - (8+ years of experience),Dice,Remote
SAP Test Automation Engineer - Colorado US #438336,Dice,Remote
Lead Automation Test Engineer (Selenium),Dice,Remote
"SENIOR ASSOCIATE, SAP S/4 HANA SUPPLY CHAIN (MM/PP/SD)",Dice,Remote
Sr. AWS Cloud Engineer 100% Remote | H1B Only |,Dice,Remote
Product Manager,Dice,Remote
Software Test Engineer / SDET - (Remote - US),Dice,Remote
Mobile Tester - Appium,Dice,Remote
Scrum Master,Dice,Remote
Sr DevOps Engineer,Dice,Remote
Lead SQA Analyst/Devops (remote role),Dice,Remote
Remote: Sr. SDET w/ C# exp,Dice,Remote
"Technical Lead - Backend - Reston or Washington DC, VA",Dice,Remote
LEAD DATA ENGINEER - Remote Role,Dice,Remote
SAP EWM CONSULTANT,Dice,Remote
Azure DevOps Engineer,Dice,Remote
SAP QA with DTS expereince,Dice,Remote
AWS Java Developer (with DevOps) - urgent role,Dice,Remote
Direct End Client - Azure Cloud Engineer/Azure Devops Engineer - 100% Remote - FTE - No sponsorship,Dice,Remote
Senior DevOps Engineer,Dice,Remote
C# Web Applications Developer,Dice,Remote
AWS/DevOps Engineer - Contract,Dice,Remote
SDET with Appium and Mobile testing - Contract - California (Remote),Dice,Remote
DevOps - SDET Tester (REMOTE),Dice,Remote
Sr Mobile Automation Engineer,Dice,Remote
Software Developer in Test-- SDET,Dice,Remote
Google Cloud Platform DevOps Engineer,Dice,Remote
SDET Engineer,Dice,Remote
Senior Product Manager,Dice,Remote
AEM Developer,Dice,Remote
"Sr. DevOps Engineer or Site Reliability Engineer, W2 ONLY",Dice,Remote
Full Stack Engineer,Dice,Remote
Sr. Java Developer,Dice,Remote
Direct client role: Google cloud DevOps Architect :: Remote ::Fulltime,Dice,Remote
"Senior Software Developer in Test (SDET) - Java, Test Automation [REMOTE in TX/FL/CO]",Dice,Remote
FULL STACK JAVA DEVELOPER,Dice,Remote
Senior .NET Developer,Dice,Remote
Remote SDET Engineer,Dice,Remote
Remote Senior C# .Net Developer Energy Fuel Sector,Dice,Remote
Quality Engineering Manager,Dice,Remote
Android Application Engineer,Dice,Remote
Perl/Java Developer,Dice,Remote
Quality Assurance Selenium remote,Dice,Remote
QA Automation Analysts,Dice,Remote
QA Automation tester,Dice,Remote
Salesforce QA/BA 100% Remote,Dice,Remote
Salesforce ETL/ QA,Dice,Remote
100% remote IAM QA Tester (IAM experience is MUST) W2 resources ONLY,Dice,Remote
QA with OTT,Dice,Remote
Mobile Tester,Dice,Remote
"QA Functional (Windows Internal & Kernel) @ Remote (Bay Area, CA) - C2C / W2",Dice,Remote
SDET QA,Dice,Remote
QA Lead with Content Management,Dice,Remote
QA Engineer II,Dice,Remote
Senior Quality Analyst,Dice,Remote
QA LEAD- REMOTE,Dice,Remote
"QA Engineer with strong Data Engineering, Data warehousing, Big Data concepts",Dice,Remote
Tableau Developer,Dice,Remote
QA /SDET Engineer -Internal project,Dice,Remote
Accessibility Teste Lead,Dice,Remote
QA Engineer (Mid-Level),Dice,Remote
site reliability engineer - AWS Devops,Dice,Remote
Test Automation Architect,Dice,Remote
QA Lead with OMS,Dice,Remote
Mobile QA Engineer,Dice,Remote
InsuranceNow/P&C - QA Lead/manager_REMOTE_C2H/FTE,Dice,Remote
Active Directory Engineer,Dice,Remote
Sr Data QA Engineer/ QA Tester,Dice,Remote
Security & Performance Testing Architect,Dice,Remote
"Cloud Engineer_Phoenix, AZ",Dice,Remote
Software Engineer (100% Remote),Dice,Remote
AEM developer,Dice,Remote
Software Engineer,Dice,Remote
REMOTE Software Engineer (.NET- up to 150k),Dice,Remote
Sr. IT Release Manager,Dice,Remote
React Native Developer,Dice,Remote
Mobile Developer,Dice,Remote
Senior Java Developer,Dice,Remote
Sr. C# .NET Developer,Dice,Remote
Java backend/Core Java Engineer,Dice,Remote
Azure Cloud Architect,Dice,Remote
SDET - Software Developer in Test,Dice,Remote
SDET- Software Developer Engineer Test - Expert,Dice,Remote
"Staff Software Development Engineer, Test - FTE (Remote)",Dice,Remote
Senior C# .NET Developer,Dice,Remote
REMOTE - SDET (Software Development Engineer in Test)/ Web Applications Development Experience,Dice,Remote
Senior Project Manager,Dice,Remote
Software Development Engineer in Test (SDET) with C# Exp,Dice,Remote
Java Tech Lead - Remote,Dice,Remote
Senior Software Development Engineer in Test (Javascript),Dice,Remote
"SDET - (.Net, C# NOT Java)",Dice,Remote
Looking for SDET Engineer - Java Skills,Dice,Remote
Sr. Mobile Developer,Dice,Remote
Senior React UI Engineer,Dice,Remote
Sr. Software Quality Engineer,Dice,Remote
Software Development Engineer in Test (SDET),Dice,Remote
Salesforce Tester,Dice,Remote
Business Systems Analyst/ QA Analyst,Dice,Remote
Sr. QA Analyst,Dice,Remote
REMOTE - SALESFORCE DEPLOYMENT SPECIALIST,Dice,Remote
Java Microservices developer (Visa Independent Candidates Only),Dice,Remote
ETL Tester,Dice,"Westlake, TX"
Release Manager,Dice,"Westlake, TX"
Software Engineer in Test,Dice,"Westlake, TX"
Test Engineer II - (Cloud Software & Embedded Software/Firmware),Digi International,"Dallas, TX"
Crypto Security Engineer,Diversant,Remote
QA Test Lead,Diverse Lynx,"Coppell, TX"
QA Automation,Diverse Lynx,"Dallas, TX"
QA Tester,Diverse Lynx,"Dallas, TX"
Automation Tester,Diverse Lynx,"Dallas, TX"
Mobile QA,Diverse Lynx,"Dallas, TX"
QA Consultant / Automation Engineer,Diverse Lynx,"Dallas, TX"
Quality Automation tester,Diverse Lynx,"Dallas, TX"
QA Lead,Diverse Lynx,"Dallas, TX"
Cloud Integration Manual / Automation Testing,Diverse Lynx,"Dallas, TX"
Sr. QA Tester,Diverse Lynx,"Dallas, TX"
Manual QA- Healthcare,Diverse Lynx,"Dallas, TX"
Test Engineer,Diverse Lynx,"Dallas, TX"
Retail eCOM Website QA PM,Diverse Lynx,"Dallas, TX"
QA Automation Lead,Diverse Lynx,"Fort Worth, TX"
QA with strong Web service Automation Selenium and DB testing skills,Diverse Lynx,"Lewisville, TX"
QA Analyst,Diverse Lynx,"Richardson, TX"
Big Data QA Analyst/Tester,Diverse Lynx,"Richardson, TX"
QA SDET Automation Analyst,Diverse Lynx,"Richardson, TX"
"QA Tester, Connected Vehicle","DMI (Digital Management, LLC)","Plano, TX"
Data Capabilities Engineer - Software Defined Vehicle,"DMI (Digital Management, LLC)",Remote
QA Automation Analyst,"DMI (Digital Management, LLC)",Remote
Salesforce Database Administrator,"Docker, Inc",Remote
"Senior SDET, Back End",DreamBox Learning,Remote
"SDET, Front End (Remote)",DreamBox Learning,Remote
"Cloud QA including LCM QA, Chaos QA, Perf & Stress, Automation",Dremio,Remote
Quality Assurance Engineer,DriveWealth,Remote
"Senior QA Engineer, Remote or Hybrid (R-10239)",Dun & Bradstreet,Remote
"Marketing Manager, Direct Response (R-10918)",Dun & Bradstreet,Remote
QA Engineer,Dynata,"Addison, TX"
Senior QA Engineer,EAB,Remote
QA Automation Engineer,Eaglebrook Advisors,Remote
Senior QA Automation Engineer,EASE Inc.,NAMER
Senior Developer,ECI Software Solutions,"Dallas, TX"
Senior Developer,ECI Software Solutions,"Fort Worth, TX"
Team Leader-Information Systems,Edward Jones,"Dallas, TX"
Senior Software Engineer,Egnyte,Remote
Software Build Manager,Elbit Systems of America,"Fort Worth, TX"
Sr. QA Analyst,Elevate,"Fort Worth, TX"
"Team Lead, Application Development",Elevate,"Fort Worth, TX"
QA Automation Engineer (Remote - North & South America),Elevate Labs,Remote
Senior UI/UX Designer,Elevated Third,Remote
QA Specialist,Eliassen Group,"Plano, TX"
Mobile Test Engineer (Appium),Eliassen Group,Remote
Technical Support Engineer,Emerge Medical Data Intelligence,"Dallas, TX"
Data Engineer (REMOTE),Emergent Holdings,Remote
Full Stack Software Engineers - Siemens Comfy | Enlighted Job Opportunity - Based in US Major City (Hybrid or Remote),Enlighted Inc,"Plano, TX"
"Manager, Digital Solutions Consultant (Remote)",Epsilon,"Irving, TX"
Adobe Campaign Business Systems Analyst (Remote),Epsilon,"Irving, TX"
Lead Developer,Epsilon,"Irving, TX"
QA Engineer,ESO,Remote
QA Engineer - Product Engineering,Esusu,Remote
Automation Engineer - Python/Appium,eTeam,"Irving, TX"
Sr. ETL SQL QA,eTeam,"Irving, TX"
Full Stack Developer,eTeam,"Irving, TX"
QA SDET Automation Analyst,eTeam,"Richardson, TX"
Software Development Engineer in Test,Evernote,Remote
"Performance Tester (QA Analyst), Work from home, eviCore",eviCore healthcare,Remote
Senior DevOps Engineer,Evisort,Remote
Automation QA Lead,EVRY India,"Dallas, TX"
QA Analyst III (Salesforce CRM),Exeter Finance,"Irving, TX"
Senior Consultant,EXL,"Dallas, TX"
Regional Solutions Developer,Expeditors,"Grapevine, TX"
QA Lead - ERP Financial Systems - work from home remote,Expert Technical Solutions,Remote
Insurance Testing _ Advisory_ Open Location,EY,"Dallas, TX"
"Technology Consulting, Financial Services, Senior - Risk and Controls Automation",EY,"Dallas, TX"
Cybersecurity Senior Consultant - Application Security - DevSecOps - Open Location,EY,"Dallas, TX"
"Technology Consulting, Financial Services, Manager - Risk and Controls Automation",EY,"Dallas, TX"
Cybersecurity Manager - Application Security - DevSecOps - Open Location,EY,"Dallas, TX"
FSO: Advanced Analytics- Solution Architect Senior Manager,EY,"Dallas, TX"
Cyber Managed Services (CMS) - Service Delivery Center - Operations Sr. Manager - TDR,EY,"Dallas, TX"
CMS Lead - Tech Consulting Manager,EY,"Dallas, TX"
"Technology Consulting, Financial Services, Senior - Risk and Compliance Tech Transformation",EY,"Dallas, TX"
Graph Application Engineer Lead - Manager - Big Data Tech Consulting - Location Open,EY,"Dallas, TX"
Cybersecurity Manager - Application Security - DevSecOps - Open Location,EY,"Fort Worth, TX"
Salesforce Consultant,EZLynx,Remote
Test Analyst,Farmers Insurance,Remote
Salesforce QA Automation Engineer,Fastly,Remote
Marketing Operations Specialist,Favor Delivery,Remote
Information Security Data Engineer,Federal Reserve Bank of Chicago,Remote
Senior Engineer QA Automation,Fidelity Investments,"Westlake, TX"
Senior QA Engineer - Cyber Fraud Capability,Fidelity Investments,"Westlake, TX"
Senior Software Engineer in Test,Fidelity Investments,"Westlake, TX"
Principal Software Engineer,Fidelity Investments,"Westlake, TX"
Senior Software Engineer,Fidelity Investments,"Westlake, TX"
DevOps Engineer,Fidelity Investments,"Westlake, TX"
QA Manager,Fieldwire,Remote
Technical Writer,FinTech LLC,"Dallas, TX"
DevOps Engineer (CICD - Continuous Integration & Continuous Development),FinTech LLC,"Dallas, TX"
Kafka / MS - QA Lead,FinTech LLC,"Irving, TX"
"Tech Lead / PM - Test Management, Automation",FinTech LLC,"Irving, TX"
Automation Test Engineer,FinTech LLC,"Irving, TX"
Java/cucumber/selenium QA Lead,FinTech LLC,"Irving, TX"
Program Manager/Sr Manager Projects,FinTech LLC,"Irving, TX"
Database Administrator II,First United Bank,"McKinney, TX"
Data Architect II,First United Bank,"McKinney, TX"
QA Automation Engineering - Remote US,Firstbase,Remote
QA Automation Engineer - Remote UK,Firstbase,Remote
Test Automation Architect,Fisher Investments,"Plano, TX"
Marketing Operations Analyst,Fisher Investments,"Plano, TX"
"Engineer QA, Merchandise Systems",Five Below,Remote
Senior Lead Network Engineer,Five9,Remote
Senior Back End Developer,Flashpoint,Remote
SR. SOFTWARE QUALITY ASSURANCE ANALYST (REMOTE),"FlexOffers.com, LLC.",Remote
Nurture Email Marketing Manager,FloQast,"Dallas, TX"
QA Engineer (Manual),Flywheel Digital,Remote
Maintenance Manager,"Fort Worth, TX",On-site
QA Analyst (Remote),Funnel Leasing,Remote
Quality Assurance Engineer,Fusion Risk Management,Remote
ITSM Application Engineer,GameStop,"Grapevine, TX"
"Software Development & Testing Expert, Remote",Gartner,Remote
QA Automation Engineer (REMOTE),GavinHeath,Remote
Quality Assurance,GBIT (Global Bridge InfoTech Inc),"Irving, TX"
QA Engineer,GCS Recruitment Specialists,Remote
"QA Engineer, Data Quality",GCS Recruitment Specialists,Remote
Immediate hire for SDET role at Remote for Contract,Gemini Consulting & Services,Remote
PES-GENERAL-QA Automation Tester-110121,Generis Tek Inc,"Dallas, TX"
ETL Tester-101821,Generis Tek Inc,"Dallas, TX"
PES-GENERAL-Salesforce Functional Tester-011722,Generis Tek Inc,"Dallas, TX"
PES-GENERAL-Quality Assurance Tester-110121,Generis Tek Inc,"Richardson, TX"
Quality Assurance Consultant,Genesis10,"Addison, TX"
Senior Quality Analyst,Genesis10,"Coppell, TX"
Quality Assurance Lead,Genesis10,"Coppell, TX"
QA/SDET,Genesis10,"Dallas, TX"
Quality Specialist,Genesis10,"Plano, TX"
Sr. Quality Specialist,Genesis10,"Plano, TX"
Application Architect,Genesis10,"Richardson, TX"
Clinical Implementation Specialist & Dosimetrist (Remote),GenesisCare,Remote
QA Engineer - Remote,Genome Digital,Remote
QA Engineer,Genuent,"Frisco, TX"
"QA Mobile Automation Engineer - Dallas, TX-(Onsite through Jan 2022)","Georgia IT, Inc.","Dallas, TX"
"Test Automation Engineer Irving, TX","Georgia IT, Inc.","Irving, TX"
Senior Quality Assurance Engineer,GiveCampus,Remote
Passport Operations Manager,Global Payments Inc.,"Plano, TX"
QA Test Engineer,Global Placement Firm,"Coppell, TX"
Lead DevOps Engineer,Gluwa,Remote
Content Developer,"Gluware, Inc.",Remote
"Internal Audit, Professional Practices Group - Vice President",Goldman Sachs,"Dallas, TX"
"QA Engineer (AN) - CWMD, Consumer Engineering, Agent",Goldman Sachs,"Richardson, TX"
"QA Engineer (AN) - CWMD, Consumer Engineering",Goldman Sachs,"Richardson, TX"
"QA Engineer (AS) - CWMD, Consumer Engineering",Goldman Sachs,"Richardson, TX"
"Consumer & Wealth Management Division - Marcus by Goldman Sachs - Lending Quality Assurance Manager - Associate - Richardson, TX",Goldman Sachs,"Richardson, TX"
QA Automation Engineer,GoodLeap LLC,"Dallas, TX"
Encompass QA Automation Engineer,GoodLeap LLC,Remote
Sr. SDET - Data Science,Gopuff,Remote
Quality Assurance Analyst (QA Lead),Gorilla Group,Remote
Remote - SQA API Back End Automation Engineer,Green Dot Corporation,Remote
DevOps Engineer,Green Rhino Recruitment,Remote
Senior SDET (Remote),Groove,Remote
Senior QA Engineer - Mobile Focused,GTL,"Grand Prairie, TX"
QA Software Engineer,GTL,"Grand Prairie, TX"
Technical Product Analyst,GTN Technical Staffing and Consulting,Dallas-Fort Worth Metroplex
"Sr. Product Engineer, Performance",H1,Remote
Release Manager,Hard Rock Digital,Remote
Lead IT QA and Testing,Harley-Davidson Financial Services,"Plano, TX"
Implementation Coordinator - Remote,Harris Computer,"Allen, TX"
Implementation Coordinator - Remote,Harris Computer,"Dallas, TX"
Implementation Coordinator - Remote,Harris Computer,"McKinney, TX"
Implementation Coordinator - Remote,Harris Computer,"Plano, TX"
"Senior Analyst, Media",Hart,Remote
QA Automation Engineer,Hays,"Irving, TX"
Technical Services Engineer,Health Recovery Solutions,Remote
"Senior QA Engineer, Mobile (Remote)",Hearsay Systems,Remote
Sr. QA Automation Engineer,HedgeServ,"Dallas, TX"
Jr. Python Developer,HedgeServ,"Dallas, TX"
Test Automation Architect,Hexagon Manufacturing Intelligence,Remote
"Senior Quality Assurance Engineer, Analytics - Remote",Highspot,Remote
Functional Tester,Hitachi Vantara,"Dallas, TX"
QA Testing Engineer,HonorVet Technologies,"Dallas, TX"
Application Quality Analyst/Tester - Expert,Horace Mann,"Dallas, TX"
Dallas IT Professionals,"Horn Solutions, Inc.","Dallas, TX"
Senior Quality Engineer,Housecall Pro,Remote
Ecosystem Quality: Technical Program Manager,HubSpot,Remote
Senior QA Automation Engineers,HUMAC INC,"Farmers Branch, TX"
QA Analyst,HUNTER Technical - htrjobs.com,"Plano, TX"
QA Analyst Lead,Huntington National Bank,Remote
"Senior Software Engineer, DevOps - Remote",Icertis,Remote
QA Engineer - Manual and API Automation,IGNW,Remote
Senior Manual QA Lead,IGNW,Remote
Sr SQA Engineer,IHS Markit,"Dallas, TX"
Senior System Integration Tester,Improving,"Plano, TX"
QA Automation Engineer,Infinity Consulting Solutions,"Plano, TX"
QA Automation Engineer - 21-06392,Infinity Consulting Solutions,"Plano, TX"
Automation Engineer - Java,Infinity Consulting Solutions,"Plano, TX"
Full Stack Developer - 21-00215,Infinity Consulting Solutions,"Plano, TX"
Lead QA Engineer - 22-00417,Infinity Consulting Solutions,Remote
Senior QA Automation Lead,"Infolob Solutions, Inc.","Coppell, TX"
API Automation Test Engineer,Infostretch,"Dallas, TX"
API Automation,Infostretch,"Dallas, TX"
Java Automation Lead,Infosys,"Dallas, TX"
Automation Test Analyst,Infosys,"Richardson, TX"
Mobile Automation Test Lead,Infosys,"Richardson, TX"
Automation Test Consultant,Infosys,Remote
Automation Test Lead,Infosys,Remote
"Automation Test Analyst, Seattle, WA",Infosys,Remote
Technical Test Lead - Selenium Automation,Infosys,Remote
QA Lead,Infosys,Remote
QA Automation Lead,Infosys,Remote
ETL/ Data Warehouse Test Lead,Infosys,Remote
Technical Test Lead - Automation Testing,Infosys,Remote
Salesforce Test Lead,Infosys,Remote
C# Automation Testing Lead,Infosys,"Westlake, TX"
Java Automation SDET Lead,Infosys,"Westlake, TX"
QA Automation,InfoVision Inc.,"Irving, TX"
"Automation Test Engineer(Selenium, Cucumber)","InnoCore Solutions, Inc.","Dallas, TX"
Remote C/C++ Engineer,Insight Global,Remote
Automation Architect,Insight Global,Remote
Senior QA Engineer (remote),Insightly,Remote
Platform Engineer,Inspirato,Remote
QA Engineer (Manual Tester),Instawork,Remote
QA Automation Engineer,IntelliCentrics,"Flower Mound, TX"
QA Automation,"InterSources Inc - SBA Certified, Minority & Women-Owned Certified Enterprise.","Dallas, TX"
Senior QA Automation,intive,Remote
Test Automation Lead,INXEPTION,Remote
QA Automation Engineer - Remote,Iron Mountain,Remote
Quality Assurance Engineer II,"Irving, TX","Medical, Vision, Dental, 401(k), +3 benefits"
Senior Quality Assurance Engineer,"Irving, TX","Medical, Vision, Dental, 401(k), +3 benefits"
Senior Software Engineer - Back-End (PHP),IsoTalent,Remote
Senior Software Engineer Front-End,IsoTalent,Remote
Senior Software Engineer - Back-End (Golang),IsoTalent,Remote
Tech Hiring Day - Junior Quality Assurance Engineer,ITB Career Center,Remote
Tech Hiring Day - Quality Assurance Engineer,ITB Career Center,Remote
Tech Hiring Day - Quality Assurance Engineer (ICUBE),ITB Career Center,Remote
Software QA Analyst,iUNU,Remote
EDi Transaction Specialist,IVY TECH SOLUTIONS INC,Remote
Mobile QA,IVY TECH SOLUTIONS INC,Remote
Campaign Operations Specialist,Jama Software,Remote
Senior QA Automation Engineer,JobGet,Remote
Senior Quality Assurance Engineer,JobJunxion,Remote
Senior Firmware QA Engineer (100% Remote),Jobot,Remote
Senior Firmware Test Engineer (100% Remote),Jobot,Remote
QA Engineer,Jobs via eFinancialCareers,"Dallas, TX"
Sr SQA Engineer,Jobs via eFinancialCareers,"Dallas, TX"
Salesforce QA,K2 Partnering Solutions,Remote
CloudOps Engineer III,Kaplan,Remote
"Manager, Email Marketing",Kaplan,Remote
Automation Test Engineer - Salesforce,Kavaliro,Remote
QA Testing,"KAYGEN, Inc.","Dallas, TX"
QA Logistics Automation Engineer,"KellyMitchell Group, Inc","Dallas, TX"
Systems Engineer R&D,"KellyMitchell Group, Inc","Irving, TX"
Senior QA Test Automation Engineer,"KellyMitchell Group, Inc","Irving, TX"
Technical Enablement Consultant,Keyavi Data,Remote
Selenium C# Test Automation Engineer - Remote,Kforce Inc,"Allen, TX"
Loan QA Engineer,Kforce Inc,"Irving, TX"
Loans Automation Engineer,Kforce Inc,"Irving, TX"
Software Engineer in Test,Kforce Inc,"Westlake, TX"
Senior QA Automation Engineer,Kin + Carta,Remote
"Senior Manager, Data Science (Remote)",Kit Check,Remote
Senior UX Designer,Knock,"Dallas, TX"
Senior UX Designer,Knock,Remote
"Senior UX Product Designer, Native",Knock,Remote
Senior QA Engineer (f/m/x),Kontist,Remote
DevOps Engineer,KPA,Remote
Test Automation Engineer,Kpler,Remote
DevOps Engineer,Kroger,Remote
Senior Mobile Quality Engineer,Kroger,Remote
Test Automation Lead & Salesforce,KTek Resourcing,Remote
QA Test Analyst,"LanceSoft, Inc.","Allen, TX"
"Analyst/Developer (SAP, PS, other specialty)","LanceSoft, Inc.","Allen, TX"
Windows Build and Deployment Engineer,"LanceSoft, Inc.","Coppell, TX"
QA Engineer,"LanceSoft, Inc.","Dallas, TX"
Test Automation Engineer,"LanceSoft, Inc.","Plano, TX"
Testing Automation Engineer,"LanceSoft, Inc.","Plano, TX"
Software Testing Engineer,"LanceSoft, Inc.","Plano, TX"
Marketing Automation Operations Manager,Lark Health,Remote
Software Development Engineer in Test (SDET)- (50),Latitude Inc,Remote
IT Automation QA Lead,Lennox International,"Richardson, TX"
"Senior QA SDET, Cloud",Life360,Remote
Senior Mobile Manual Tester,Life360,Remote
Principal Software Engineer - Application Architect,Lifetouch,Remote
Quality Assurance Analyst,Lightbeam Health Solutions,"Irving, TX"
QA Engineer - Web,Linden Lab,Remote
QA Engineer-Remote,LINQ,"Dallas, TX"
"Cloud Systems Engineer, QA Engineer",Logicworks,Remote
Marketing Automation Specialist,LogMeIn,Remote
Quality Assurance Engineer,Lookout,Remote
"Software Engineer - Client Network Development (Windows/MacOS, VPN, TCP/IP)",Lookout,Remote
"Senior Software Development Engineer in Test (SDET), Backend Services",Lookout,Remote
DevOps Manager,LTI - Larsen & Toubro Infotech,"Irving, TX"
DevOps Lead/Manager,LTI - Larsen & Toubro Infotech,"Irving, TX"
Manual QA Engineer | Consumer Platform,LTK (formerly rewardStyle & LIKEtoKNOW.it),"Dallas, TX"
Senior Manual QA Engineer | Consumer Platform,LTK (formerly rewardStyle & LIKEtoKNOW.it),"Dallas, TX"
Senior Manual QA Engineer | Influencer Platform,LTK (formerly rewardStyle & LIKEtoKNOW.it),"Dallas, TX"
Lead System Quality Assurance Analyst - Remote,Magellan Health,Remote
Software Quality Assurance Lead,MagicLinks,Remote
Production Coordinator (Data Management Project Coordinator) - REMOTE WORK,"Management Science Associates, Inc.",Remote
Production Coordinator (Data Management Project Coordinator) - REMOTE WORK (2021092),"Management Science Associates, Inc.",Remote
Marketing Automation Quality Assurance Specialist,Marvel Marketers,Remote
Marketing PMO Manager,Marvel Marketers,Remote
QA Manual/Automation Tester,Mastech Digital,"Dallas, TX"
IT-QA Automation Engineer,Mastech Digital,"Frisco, TX"
Quality Assurance/ Automation Engineer,Mastech Digital,"Irving, TX"
Systems Engineer,Mastech Digital,"Irving, TX"
Senior Support Analyst,Mavenlink,Remote
Sr. DevOps Engineer,Maximus,"Farmers Branch, TX"
Senior SQL DBA - Remote,Maximus,Remote
Software QA Analyst - REMOTE,Maximus,Remote
Sr. SQL DBA - Remote,Maximus,Remote
Senior QA Engineer,MD Clarity,Remote
DevOps Engineer,Meazure Learning,Remote
Quality Assurance Analyst,Medical Solutions,Remote
Build & Release Engineer,Medix Technology,Remote
Senior QA Engineer,Mercari US,Remote
"Software Engineer, React Native",Mercari US,Remote
Marketing Automation Specialist (Pardot),MercuryGate International,Remote
System Administrator IV,MetaBank,Remote
QA Test Engineer,"Metasys Technologies, Inc.","Dallas, TX"
Development and Operations Engineer,"Metasys Technologies, Inc.","Plano, TX"
Web Content Specialist,Mindlance,Remote
QA Developer,Minds,Remote
Python Automation QA Lead,Mindtree,"Dallas, TX"
SDET AUTOMATION,Mindtree,"Dallas, TX"
SR TEST SPEC AUTOMATION,Mindtree,"Dallas, TX"
AWS QA,Mindtree,"Irving, TX"
Staff Quality Analyst - Remote,Ministry Brands,Remote
Staff Quality Analyst,Ministry Brands,Remote
"Senior QA Engineer, Web",mmhmm,Remote
Senior Quality Assurance Engineer,ModMed,Remote
Software Engineer - Site Reliability / DevOps,Mojito,Remote
"Sr Engineer, EIS - Hadoop/Big Data - Remote",Molina Healthcare,Remote
Lead QA Engineer,Motion Recruitment,"Dallas, TX"
Senior QA Engineer,Motion Recruitment,"Dallas, TX"
Azure DevOps Engineer,Motion Recruitment,"Dallas, TX"
DevOps Engineer,Motion Recruitment,"Dallas, TX"
Senior DevOps Engineer,Motion Recruitment,"Dallas, TX"
Senior QA Engineer,Motion Recruitment,"Richardson, TX"
Marketing Automation QA Specialist,Motion Recruitment,Remote
DevOps Engineer,Motorola Solutions,"Plano, TX"
"Senior Engineer, Magnet Applications",MP Materials,"Fort Worth, TX"
Sr. QA Automation Engineer (Mobile),MZ,"Dallas, TX"
Sr Application Security Engineering,Natera,Remote
Sr. Application Security Engineering,Natera,Remote
Quality Assurance Analyst,National University,Remote
QA LEAD( TOSCA),Navtech,"Dallas, TX"
IT Technical Lead - QA,Nelnet,Remote
Automation Tester with SFDC,Net2Source Inc.,"Dallas, TX"
QA Analyst,Netcracker Technology,"Dallas, TX"
Senior QA Automation Engineer,Netsmart,"Richardson, TX"
QA Engineer II,New American Funding,Remote
QA Engineer I,New American Funding,Remote
Quality Engineer,Newsela,Remote
QA Project Manager,Nexius,"Frisco, TX"
Database Administrator,"Nexstar Media Group, Inc.","Irving, TX"
"Staff Engineer, QA",NextGen Healthcare,Remote
Sr. QA Automation Engineer,NextGen Healthcare,Remote
"Sr. Engineer, QA",NextGen Healthcare,Remote
QA Automation Architect,NielsenIQ,Remote
QA Automation Engineer,NielsenIQ,Remote
Automation QA Tester -GB3112,Nisum,Remote
SR SYSTEMS ADMINISTRATOR,Notified,Remote
QA Test Specialist,Notified,Remote
QA Engineer,NRC Health,Remote
Senior DevOps Engineer (Remote),NTENT,Remote
Quality & Performance Senior Specialist,NTT DATA Services,"Dallas, TX"
COBOL Developer - Life Insurance & Annuities,NTT DATA Services,"Dallas, TX"
Pega Certified Sr. System Architects,NTT DATA Services,"Irving, TX"
Technical Lead No Code Low Code,NTT DATA Services,"Plano, TX"
Salesforce Marketing Administrator,Omni Hotels & Resorts,"Dallas, TX"
Technical Business Analyst,Omnicell,"Dallas, TX"
Technical Data Analyst,Omnicell,"Dallas, TX"
"SDET/QA Automation Engineer (Engineer III, Software Test)",Omnicell,"Plano, TX"
SSIS/SQL Developer (Sr. Analytics Engineer),Omnicell,"Plano, TX"
Technical Program Manager - Support,OncoHealth,Remote
Senior Lead QA Engineer,OncoHealth,Remote
Salesforce Marketing Cloud Developer,"Onduo, a Verily company",Remote
Demand Generation Program Manager,One Identity,Remote
"Quality Assurance Engineer, Automation",One Network Enterprises,"Dallas, TX"
Senior Software Quality Assurance Automation Engineer,OneStream Software,Remote
Marketing Campaigns Manager,OpenComp,Remote
Senior Software Engineer (Remote),OpenGov Inc.,"Dallas, TX"
QA Automation Engineer,Optomi,"Dallas, TX"
.NET Developer,Optomi,"Dallas, TX"
Software Quality Automation Engineer - Telecommute,Optum,"Plano, TX"
Senior Application Developer,Oracle,Remote
Senior Database Architect,Oracle,Remote
Applications Developer 4: Site Reliability Focus (SRE),Oracle,Remote
Data Platform Architect,Oracle,Remote
Senior Software Quality Assurance Engineer,Oracle,Remote
Software QA Engineer 1,Orchestra Technology (L&T Technology services),"Plano, TX"
"Team Lead, Quality Assurance - 100% Remote",Orion Advisor Solutions,Remote
"Manager, Quality Assurance -",Orion Advisor Solutions,Remote
Senior Quality Assurance Engineer - 100% Remote,Orion Advisor Solutions,Remote
Platform Solutions Architect,Orion Advisor Tech,Remote
"Operations Associate, Process Design & Strategy (Remote)",Oscar Health,"Dallas, TX"
Operations Engineer II (Remote),Oscar Health,"Dallas, TX"
"Operations Engineer, Data (Remote)",Oscar Health,"Dallas, TX"
Product Operations Senior Manager - Remote,Oscar Health,Remote
Product Operations Associate - Remote,Oscar Health,Remote
QA Analyst,Osmo,Remote
Automation Engineer II | Digital,Overstock.com,Remote
Senior Automation Engineer | IOS Development,Overstock.com,Remote
Salesforce Automation Engineer II,Overstock.com,Remote
Senior Automation Engineer | Order Management Dev,Overstock.com,Remote
Informatica PowerCenter Administrator,Paladin Consulting Inc.,"Dallas, TX"
QA Lead Engineer - Data Services,Panzura,Remote
Solutions Architect,Paradigm,Remote
Robotic Process Automation Developer,Paylocity,Remote
Power Automate Developer,Paylocity,Remote
Digital QA Specialist - Mobile (Remote),Pella Corporation,Remote
QA Analyst Mobile Games - 2022,PeopleFun,"Richardson, TX"
QA Automation and Performance Engineer (Sterling OMS),Perfaware,Dallas-Fort Worth Metroplex
Senior QA (Automation),Perficient,"Dallas, TX"
Mobile QA Lead,Perficient,"Dallas, TX"
Lead Software Product Engineer,Perficient,"Dallas, TX"
Lead Software Product Engineer,Perficient,Remote
QA Automation Engineer,Photon,"Dallas, TX"
QA Engineer - Clinical Solutions & Integrations,Phreesia,Remote
QA Team Lead (Integrations),Phreesia,Remote
"QA Automation Lead, Python/Java, integration testing, CI/CD","Pinnacle Group, Inc.","Plano, TX"
QA Automation Engineer,"Pinnacle Group, Inc.","Plano, TX"
"Test Automation Engineer, Appium","Pinnacle Group, Inc.","Plano, TX"
Development Manager,PMG,"Dallas, TX"
Development Manager,PMG,"Fort Worth, TX"
Senior Marketing Automation Specialist,Podium,"Dallas, TX"
Software Development Engineer - Test,Podium,"Dallas, TX"
Senior QA Automation Engineer,Possible,Remote
Senior Quality Assurance Automation Engineer,Possible,Remote
Senior QA Engineer (Cypress),Postclick,Remote
Senior Protection and Control Relay Technician/ Relay Field Engineer,"Power Grid Engineering, LLC","Dallas County, TX"
Supervisor of P&C Field Services- Dallas/Fort Worth Texas,"Power Grid Engineering, LLC","Fort Worth, TX"
Sr. QA Engineer,PresenceLearning,Remote
IT & POS Labs Engineer,Presto,"Dallas, TX"
Sr. Quality Assurance Engineer,ProFocus,Remote
Marketing Automation Specialist,Project Management Institute,Remote
DevOps Engineer III,Project Management Institute,Remote
QA & Auto Engineer II,Project Management Institute,Remote
QA Analyst (mobile) - Financial Services,projekt202,"Dallas, TX"
Senior Quality Assurance Automation Engineer,Promontory MortgagePath LLC,Remote
Quality Assurance Automation Engineer,Promontory MortgagePath LLC,Remote
Technical Product Manager,Promontory MortgagePath LLC,Remote
Email Marketing Specialist,Purpose Jobs,Remote
QA - Test Lead - Senior Associate,PwC,"Dallas, TX"
Digital Products - Technical Lead - Manager,PwC,"Dallas, TX"
Sr. QA - Test Automation Engineer,"Pyramid Consulting, Inc","Irving, TX"
QA Analyst-Irving TX,"Pyramid Consulting, Inc","Irving, TX"
Application Support Developer (US - Remote),Q2,Remote
UI Test Engineer,"QOMPLX, Inc.",Remote
#2110 - QA Automation Engineer (Remote),Qualitest,"Irving, TX"
Senior Protection and Control Relay Technician/ Relay Field Engineer,Qualus Power Services,"Dallas County, TX"
Supervisor of P&C Field Services- Dallas/Fort Worth Texas,Qualus Power Services,Dallas-Fort Worth Metroplex
Lead Protection and Control Relay Technician/ Field Engineer,Qualus Power Services,"Fort Worth, TX"
Data Quality Assurance Analyst - Remote,"Quest Analytics, LLC",Remote
Software Automation QA Staff Engineer,Quest Software,Remote
QA Engineer,QuinStreet,Remote
Quality Assurance Analyst (Automation),"r2 Technologies, Inc.","Dallas, TX"
Lead QA Engineer,RadarFirst,Remote
QA Engineer,RadarFirst,Remote
Growth Product Manager,Rainforest QA,Remote
Sr. System & Automation Administrator,Rave Mobile Safety,Remote
Mobile Application Developer / Tester,RCM Technologies Technical Publications,"Grand Prairie, TX"
Senior Business Systems Analyst - NetSuite (Remote Eligible),Redfin,Remote
Backend Engineer (Automation),Remote,Remote
Senior Backend Engineer (Automation),Remote,Remote
Product Quality and Support Engineer (Remote),Rentable,Remote
"Senior Software Engineer, QA",ResMed,Remote
Automation Engineer,Resolve Tech Solutions,"Irving, TX"
Business Systems Analyst/ QA Analyst - 100% REMOTE,"Resource 1, Inc.",Remote
"Azure Pipeline Engineer, remote | 766137",Revel IT,Remote
Clinical Operations Manager,Reveleer,Remote
Senior Test Engineer (Remote),ReviewTrackers,Remote
QA Engineer,Ridecell,Remote
Support Enablement Program Manager,Rippling,Remote
QA Automation Engineer,"RIT Solutions, Inc.","Dallas, TX"
SAP QA -Remote,"RIT Solutions, Inc.","Dallas, TX"
QA Analyst,"RIT Solutions, Inc.","Dallas, TX"
Quality Assurance Analyst,"RIT Solutions, Inc.","Irving, TX"
QA Automation Tester,"RIT Solutions, Inc.","Plano, TX"
Quality Assurance Analyst,Robert Half,"Dallas, TX"
QA Engineer Onsite,Robert Half,"Dallas, TX"
Quality Assurance Tester,Robert Half,"Fort Worth, TX"
QA Engineer,Rockbot,Remote
QA Manager,RStudio PBC,Remote
Manager- Software QA Engineering,RumbleOn,"Irving, TX"
"Consultant, Innovation Lab",Ryan,"Dallas, TX"
Software Architect (DevSecOps),S&C Electric Company,Remote
Team Lead Software QA Engineering,Sabre Corporation,"Dallas, TX"
Senior Software QA Engineer (Remote),Sabre Corporation,"Southlake, TX"
"Principal Solution Architect - GCP, Automation",Sabre Corporation,"Southlake, TX"
Team Lead Software QA Engineer (Remote),Sabre Corporation,"Southlake, TX"
Product Security Engineer,SailPoint,Remote
Senior Site Reliability Engineer,Saks Fifth Avenue,Remote
"Senior Manager I, Software Engineering",Sam's Club,"Dallas, TX"
Senior QA Automation Engineer - Embedded Systems,Samsara,Remote
"Professional, Software Quality Assurance (mult.)",Samsung Electronics America,"Plano, TX"
DevOps / Site Reliability Engineer,Sapphire Digital,Remote
QA Analyst,Saturn,Remote
Site Reliability Engineer (Fully Remote),"Scentsy, Inc. (Corporate Office)","Dallas, TX"
Remote Automation QA Engineer,Scopic Software,Remote
Senior QA Engineer,Scorpion,Remote
Client UAT Analyst,SeaHill Consulting Group,Remote
Quality Assurance Engineer,Sectigo,Remote
Freelance Designer,Seer Interactive,Remote
Linux System Engineer,Semantic AI,Remote
QA Manager - Remote,SemanticBits,Remote
Quality Assurance Automation Engineer - Remote,SemanticBits,Remote
Senior Quality Analyst,Servion Global Solutions,Remote
Senior Software Quality Assurance Engineer,"ShipBob, Inc.",Remote
QA Engineer,Shipyard,Remote
"Manager, Quality Engineering","Shopkick, a Trax Company",Remote
Principal Software Development Engineer - Test Tools and Frameworks,Siden,Remote
Software Engineers UI - Siemens Comfy | Enlighted Job Opportunity - Based in US Major City (Hybrid or Remote),Siemens,"Plano, TX"
Full Stack Software Engineers Siemens - Comfy | Enlighted Job Opportunity - Based in US Major City (Hybrid or Remote),Siemens,"Plano, TX"
Backend Software Engineers - Siemens Comfy | Enlighted Job Opportunity - Based in US Major City (Hybrid or Remote),Siemens,"Plano, TX"
Senior Backend Software Engineers - Siemens Comfy | Enlighted Job Opportunity - Based in US Major City (Hybrid or Remote),Siemens,"Plano, TX"
Senior Full Stack Software Engineers - Siemens Comfy | Enlighted Job Opportunity - Based in US Major City (Hybrid or Remote),Siemens,"Plano, TX"
Principal Backend Software Engineers - Siemens Comfy | Enlighted Job Opportunity - Based in US Major City (Hybrid or Remote),Siemens,"Plano, TX"
Senior Software Engineers UI - Siemens Comfy | Enlighted Job Opportunity - Based in US Major City (Hybrid or Remote),Siemens,"Plano, TX"
Application Engineer EDA Emulation,Siemens Digital Industries Software,"Dallas, TX"
Applications Engineer EDA emulation,Siemens Digital Industries Software,"Dallas, TX"
Applications Engineer EDA FPGA Prototyping,Siemens Digital Industries Software,"Dallas, TX"
Software QA Engineer (Remote),Siemens Digital Industries Software,"Dallas, TX"
Senior Customer Experience QA,Siemens Digital Industries Software,"Plano, TX"
Senior Data Quality Assurance (QA) Engineer,Siemens Digital Industries Software,"Plano, TX"
Senior Cloud/Web Development Engineer and Team Leader,Siemens Digital Industries Software,"Plano, TX"
Backend Automation QA Engineer,SigFig,Remote
"Manager, Digital Marketing & Operations",Signify Health,"Dallas, TX"
Software Engineer in Test (Remote),Signify Health,"Dallas, TX"
Senior Software Engineer in Test (Remote),Signify Health,"Dallas, TX"
Staff CAD Engineer (IP) - Remote,Silicon Labs,Remote
Software Quality Engineer - Remote,Sitetracker,Remote
Lead Software Test Engineering - Remote CO,SitusAMC,Remote
Lead Software Test Engineer -Remote US,SitusAMC,Remote
QA Test Analyst - Automation,Skiltrek,"Allen, TX"
Senior QA Analyst - Automation,Skiltrek,"Allen, TX"
Senior Site Reliability Engineer,Smarsh,Remote
Site Reliability Engineer,Smarsh,Remote
Data Engineer,Smarsh,Remote
Solutions Developer,SmartBug Media,Remote
Cloud Consultant (774),SMX,Remote
Staff Software Engineer Platform Service,Socure,Remote
Sr. Quality Assurance Engineer (remote eligible),SoftPro,Remote
QA Lead/Manager,"Software Guidance & Assistance, Inc. (SGA, Inc.)","Irving, TX"
QA Lead with Content Management || Remote 100% || Full-Time,Software Technology Inc.,"Dallas, TX"
QA Lead with API/Web service testing || 100% Remote || Full Time,Software Technology Inc.,"Dallas, TX"
QA Analyst,Solifi,Remote
Software Development Engineer in Test - Cloud,"Sonos, Inc.",Remote
Senior Software QA Manager,"Sonos, Inc.",Remote
IT - QA Engineer,Spearhead Technology,"Frisco, TX"
Email & CRM Strategist,Spinutech,Remote
Quality Assurance Automation Lead,Spirent Communications,Remote
Staff Software Engineer,Spirent Communications,Remote
Associate Quality Assurance Engineer,SS&C Technologies,Remote
SQA Engineer,SS&C Technologies,Remote
Geographic Information Systems Engineer,SSP Innovations,Remote
Quality Assurance Engineer,Streamlabs,Remote
Senior QA Automation Engineer,Stride,Remote
"Principal SQA Engineer, Automation (Remote)","Stride, Inc.",Remote
"Staff Test Engineer, Embedded Systems",Stryker,"Flower Mound, TX"
QA & Test Automation Engineer - Software - Remote - VC-backed - Enterprise SaaS,Subskribe,Remote
Site Reliability Engineer II,Subsplash,Remote
Salesforce QA Engineer,Sundae,Remote
QA Engineer,Sundae,Remote
Remote Salesforce Solutions Architect,Susan G. Komen,"Dallas, TX"
Manager - QA,Sutherland,Remote
Professional - Lead - QA,Sutherland,Remote
Sr. QA Lead(Healthcare) required for Contract To Hire Remote Project,SVAM International Inc.,Remote
Retention Marketing Manager,Swanky Badger,Remote
Lead Automation QA Engineer,Switchfly,Remote
DevOps Engineer,Switchfly,Remote
Senior Database Administrator,symplr,Remote
QA Automation Engineer,Synechron,"Addison, TX"
QA Automation tester ( Selenium) - 100% Remote,System Soft Technologies,Remote
QA Lead,Tackle-Consulting,Remote
QA Engineer #: 22-02199,"TalentBurst, an Inc 5000 company","Dallas, TX"
Senior Quality Assurance Engineer,Talentfoot Executive Search & Staffing,Remote
Lead Systems Engineer,Talentsearchpro,"Dallas, TX"
QA Manager,Tally,Remote
Email Campaign Manager,Tandem Theory,Remote
Senior Quality Assurance Analyst,TCGplayer,Remote
QA Engineer (Remote),"Teaching Strategies, LLC","Dallas, TX"
Lifecycle Quality Program Manager,TealBook,Remote
Production Team Lead / Onsite - Garland,TeamGlobal,"Garland, TX"
Senior Quality Assurance Engineer,TeamSnap,Remote
Senior QA Automation Engineer - Platform Team,Teckro,Remote
DevOps Manager,TekisHub Consulting Services,"Irving, TX"
QA Analyst,TekPartners,Remote
BigData Automation Engineer,Tekstrom Inc,"Irving, TX"
Marketing Automation Manager,Teladoc Health,Remote
Lead QA Engineer - Test Automation,Texas Capital Bank,"Richardson, TX"
Sr System Administrator â€“ ERP Solutions,Texas Health Resources,"Arlington, TX"
QA Sr Manager,The Container Store,"Coppell, TX"
QA Engineer,The Execu|Search Group,"Dallas, TX"
Quality Assurance Specialist - 100% REMOTE,The Finders,Remote
Software Engineer (Automation) - REMOTE,The Hartford,"Frisco, TX"
Full Stack Software Engineer,The Judge Group,"The Colony, TX"
"Software QA Automation Engineer, Load Testing",The Judge Group,Remote
Lead Senior Software QA Automation Engineer,The Judge Group,Remote
Performance Test Engineering Lead,The Judge Group,Remote
Software Quality Assurance Analyst,The Select Group,Remote
warehouse management system QA Tester â€“ Full Time -100 % Remote,Themesoft inc,Remote
Senior Quality Assurance Engineer,TheoremOne,Remote
Senior Test Engineer (RRS001512),Thycotic,Remote
QA Analyst,Tide Cleaners,"Dallas, TX"
Software Development Team Lead,Tide Cleaners,"Dallas, TX"
QA Automation Engineer,"Tivix, Inc.",Remote
QA Engineer II,Toast,Remote
Sr. QA Automation Engineer (ETL and Big Data),Total Expert,Remote
QA Test Automation Mid,TransTech IT Staffing - A Mitchell Martin Company,"Irving, TX"
QA Analyst Mid,TransTech IT Staffing - A Mitchell Martin Company,"Irving, TX"
Sr QA Analyst,TransTech IT Staffing - A Mitchell Martin Company,"Irving, TX"
QA Automation Engineer - Web Technologies,Trek Bicycle,Remote
"Staff SDET - JavaScript, WebdriverIO, Selenium","TRIAD Group, Inc.",Remote
Senior Quality Assurance Automation Engineer,Trintech,"Plano, TX"
QA Test Automation Architect,Trintech,Remote
Dev Ops Engineer,Trintech,Remote
DevOps Manager,Trissential,Remote
Process Excellence Manager,TT Electronics plc,"Plano, TX"
Quality Engineer,TT Electronics plc,"Plano, TX"
Software QA Engineer - Autonomous Driving,TuSimple,"Dallas, TX"
Senior Test Engineer,Twitter,Remote
Software Engineer (Full Stack â€“ Automation,U.S. Bank,"Irving, TX"
Software Engineer (Fullstack Automation),U.S. Bank,"Irving, TX"
Software Engineer ( Full Stack Automation),U.S. Bank,"Irving, TX"
"Analyst, IT Quality Assurance",U.S. Renal Care,Remote
"Software Engineer in Test I, Dallas",UiPath,"Dallas, TX"
Principal Sales Engineer - Test Automation (Remote),UiPath,Remote
Sr. Software Engineer - Commerce Platform (REMOTE),Under Armour,Remote
QA Engineer - Core Media - REMOTE,Under Armour,Remote
QA Engineer - UA Shop App - REMOTE,Under Armour,Remote
Senior Software Engineer in Test,Unite Us,Remote
"Lead QA Engineer, Parsec",Unity,Remote
Senior QA Automation Engineer (Remote),"Upgrade, Inc.",Remote
Senior Application Security Engineer (Remote),"Upgrade, Inc.",Remote
Senior Site Reliability Engineer (Remote),"Upgrade, Inc.",Remote
Senior Performance Engineer (Remote),"Upgrade, Inc.",Remote
Sr. Data Engineer,UpRecruit,Remote
QA Engineer,Upstart,Remote
Product Quality Engineer,Upstart,Remote
"Senior QA Engineer, Auto Retail",Upstart,Remote
QA Engineer,UWorld,"Coppell, TX"
Level 2 Software Engineer (SQL Developer) | 307988,Vaco,"Plano, TX"
Level 3 Software Engineer (SQL Developer) | 307990,Vaco,"Plano, TX"
Functional Tester,VDart,"Dallas, TX"
Quality Analyst,VDart,"Dallas, TX"
"Senior / Lead DevOps Engineer-Remote- US, Canada, LATAM","Velocity Global, LLC",Remote
"Senior QA Engineer - Remote- US, Canada, LATAM","Velocity Global, LLC",Remote
100% remote IAM QA Tester (IAM experience is MUST) W2 resources ONLY,Veritis Group Inc,Remote
Marketing Automation Manager,"Veritone, Inc.",Remote
Senior QA Test Automation Engineer,Verizon,"Irving, TX"
Business Insights Consultant,Verizon,"Irving, TX"
Senior Security Risk Management,Verizon,"Irving, TX"
Client Success Executive (CSE),Verticurl (a WPP Company),Remote
QA Automation Engineer (Remote),Vesta Healthcare,"Dallas, TX"
Specialist Electronic Submissions,Viatris,Remote
Engineering Manager (Remote),Visit.org,Remote
Quality Test Engineer I,Viventis Search Asia,Remote
Senior Software Quality Engineer,"Vizient, Inc","Irving, TX"
QA Analyst,VMLY&R,"Frisco, TX"
Automation Engineer (Remote Friendly),Vouch Insurance,Remote
QA Engineer (Remote Friendly),Vouch Insurance,Remote
Email Marketing Manager,VRAI,Remote
Machine Learning Engineer (Remote),Vroom,Remote
Senior DevOps Engineer,Wagr,Remote
Compliance Technology Lead Software Engineer,Wells Fargo,"Dallas, TX"
Experienced Consultant- Productivity,West Monroe,"Dallas, TX"
Mid-level Quality Engineer (DW/ETL) 6 mos CTH,Western Alliance Bank,"Dallas, TX"
Lead Quality Engineer (DW/ETL)- 6 mos CTH,Western Alliance Bank,"Dallas, TX"
Data analysis QA Automation Engineer,WEX,Remote
Senior Software QA Engineer,WEX,Remote
"Sr. Manager, Marketing Operations",Wheel,Remote
Senior Software Development Engineer in Test (SDET),When I Work,NAMER
Senior Software Development Engineer (SDET),When I Work,Remote
"Assoc. Director, Marketing Automation",Wiley,Remote
Software Developer,Wiley,Remote
QA Manager,Wisetack,Remote
QA Tester - IT - (Remote),World Education Services,Remote
Senior Java Full Stack Developer,World Fuel Services,Remote
IT QA Analyst,World Travel Holdings,Remote
DevOps Manager,Wunderkind,Remote
Sr. Automation QA Engineer,Xactly Corp,Remote
QA Automation Engineer,Xcelo Group Inc,"Irving, TX"
QA Developer,Xpressdocs,"Fort Worth, TX"
Quality Assurance Engineer,"Yoh, A Day & Zimmermann Company",Dallas-Fort Worth Metroplex
Manager of Quality Assurance (QA),"Yoh, A Day & Zimmermann Company","Dallas, TX"
Quality Assurance Lead with Salesforce,"Yoh, A Day & Zimmermann Company","Dallas, TX"
QA Test- Mobile- Contract to Hire,"Yoh, A Day & Zimmermann Company","Irving, TX"
QA Tester (Automated & Manual),"Yoh, A Day & Zimmermann Company","Irving, TX"
QA Lead,"Yoh, A Day & Zimmermann Company","Plano, TX"
Quality Assurance Engineer,Zeel,Remote
QA Engineer,ZenKey,"Dallas, TX"
Sr QA Automation Engineer (Remote US),Zenput,Remote
"Business Systems Analyst, HR & Legal Applications",Zuora,Remote
